{
  "senor_desleal": "Lore:  \nEste ser é um antigo guerreiro traído por aqueles que uma vez juraram lealdade a ele. Agora, corrompido e ressentido, está preso em um estado eterno de raiva e vingança. Sua forma atual reflete tanto sua habilidade quanto sua amargura, tornando-o um adversário formidável que luta com destreza e agressividade.\n\nEstratégias:  \n- Este chefe usa ataques rápidos e versáteis com sua espada. Observe cuidadosamente seus movimentos para desviar com precisão.  \n- Ele realiza investidas longas que atravessam rapidamente o campo de batalha. É importante esquivar para os lados e manter uma distância adequada.  \n- À medida que a luta avança, seus ataques tornam-se mais rápidos e difíceis de prever. Mantenha a calma e foque em ler seus padrões.  \n- Aproveite os momentos em que ele se recupera de um ataque falhado para contra-atacar com golpes rápidos e eficazes.  \n- Mantenha-se em movimento constante para evitar ser preso por suas investidas ou movimentos em cadeia.",
  "maestro_de_almas": "Lore:  \nO Mestre das Almas é um dos chefes mais desafiadores, ligado às práticas mágicas de Hallownest. Ele é um usuário experiente do poder da Alma, uma força essencial para os habitantes do reino, e se torna uma figura crucial na história do Cavaleiro. O Mestre das Almas pode ser encontrado no Santuário das Almas, onde transformou seu corpo em uma forma monstruosa ao experimentar com o poder da Alma de maneira excessiva. Sua obsessão pela perfeição o levou a se perder na corrupção desse poder.\n\nEstratégias:  \n- O Mestre das Almas possui um padrão de ataques dinâmico, usando tanto magia quanto ataques físicos com sua agulha.  \n- Na primeira fase, o Mestre das Almas se move pela arena, disparando projéteis de alma em várias direções. É crucial desviar desses projéteis enquanto tenta se aproximar para causar dano.  \n- Ele também invoca orbes de alma que giram ao seu redor, os quais podem ser destruídos, mas tome cuidado para não ser atingido enquanto os destrói.  \n- Na segunda fase, o Mestre das Almas se torna mais agressivo, utilizando um ataque de carga rápida e outros movimentos imprevisíveis.  \n- Aproveite as brechas nos ataques dele para causar dano, mas fique alerta, pois ele pode rapidamente mudar sua estratégia e surpreendê-lo com um golpe rápido.  \n- A batalha exige paciência e precisão, então mantenha o foco e use os momentos entre seus ataques para se curar, se necessário.",
  "madre_gruz": "Lore:  \nA Mãe Gruz é uma das batalhas mais simples e acessíveis, mas sua história não deixa de ser intrigante. Ela é uma criatura gigante, semelhante a um inseto e amorosa, que perdeu sua prole e luta para proteger o que resta de seus filhos. Essa luta acontece na Caverna da Mãe Gruz, onde a mãe defende sua família a todo custo, tentando restaurar o equilíbrio em seu mundo destruído. Ela não é uma criatura maliciosa, mas uma mãe que faz o necessário para sobreviver e proteger os seus.\n\nEstratégias:  \n- A luta contra a Mãe Gruz é relativamente simples. Seu ataque principal envolve lançar ovos que se quebram para liberar seus pequenos, os \"Gruzlings\".  \n- No início da luta, a Mãe Gruz saltará em direção ao Cavaleiro e realizará um ataque com seu enorme corpo.  \n- Use o tempo após seus ataques para golpeá-la. Seu padrão de ataque é simples: ela se move em linha reta e se prepara para pular.  \n- Os Gruzlings podem complicar a batalha, mas você pode eliminá-los rapidamente para manter o foco na Mãe Gruz.  \n- Cuidado com os saltos da Mãe Gruz, pois eles causam dano se atingirem você, mas são fáceis de esquivar com bons reflexos.",
  "hermanos_oro_y_mato": "Lore:  \nOs Irmãos Oro e Mato são dois guerreiros que foram corrompidos pela Infecção. Originalmente protetores de Hallownest, suas almas foram seladas dentro de seus próprios corpos em uma tentativa de preservar suas memórias. Agora, esses dois guerreiros lutam juntos contra o Cavaleiro em uma batalha coordenada. Sua luta simboliza o sacrifício e o sofrimento de Hallownest.\n\nEstratégias:  \n- Oro e Mato lutam como uma unidade, o que torna a batalha mais desafiadora. Um deles é mais agressivo em seus ataques, enquanto o outro fica na defensiva, dando apoio.  \n- Oro (o irmão mais velho) usa um enorme martelo para atingir o Cavaleiro, enquanto Mato (o irmão mais novo) lança projéteis de alma.  \n- Mantenha uma boa distância de Oro quando ele tentar esmagá-lo com seu martelo.  \n- Aproveite as aberturas nos ataques de Mato para se aproximar e contra-atacar, pois Mato tende a ficar à distância.  \n- Esquive seus ataques coordenados, pois quando os dois irmãos atacam juntos, eles cobrem muitas áreas da arena. Aproveite os momentos em que um deles para para um ataque mais longo para causar dano.",
  "mawlek_incubador": "Lore:  \nMawlek, o Incubador, é um chefe opcional, localizado na *pico de Cristal*, especificamente na *Mawlek's Lair* (Toca de Mawlek). Esta criatura, frequentemente considerada uma figura materna ou guardiã, desempenha um papel chave na biologia de Hallownest. Mawlek está ligada a uma das muitas lendas sobre a criação e o ciclo de vida dos insetos no reino. Como o seu nome sugere, Mawlek é um incubador, alimentando-se da força vital de outros seres e utilizando sua habilidade de colocar ovos para criar novas criaturas. No combate, Mawlek mostra uma mistura de agilidade e poder, sendo capaz de invocar insetos menores para lutar ao seu lado.\n\nEstratégias:  \n- Mawlek é caracterizada por um estilo de combate rápido e agressivo. Nas primeiras fases da luta, ela se concentra em mover-se rapidamente pela arena e lançar ataques com sua agulha.  \n- O chefe tem a habilidade de invocar pequenos insetos durante a batalha. Esses insetos são irritantes, mas geralmente não representam uma grande ameaça. Certifique-se de eliminá-los rapidamente para poder focar em Mawlek.  \n- Em alguns momentos, Mawlek se eleva no ar e então lança projéteis que quicam pela sala. É crucial que você domine o movimento e o salto para desviar desses projéteis.  \n- A chave para derrotar Mawlek é manter a calma. Embora seus ataques sejam rápidos e possam pegar você de surpresa, o padrão de ataque é previsível. Continue se movendo e aproveite as pausas entre seus ataques para contra-atacar.",
  "hornet": "Lore:  \nHornet é uma das figuras chave na história. Ela é filha da Rainha de Hallownest e tem uma conexão profunda com o Vazio, tornando-se uma personagem central na trama. Hornet age como guardiã do Reino de Hallownest, protegendo os viajantes e mantendo o equilíbrio em sua terra. Sua história é marcada pela busca em proteger seu povo e encontrar seu lugar no mundo, e seu confronto com o Cavaleiro é tanto uma prova de força quanto de destino.\n\nEstratégias:  \n- Hornet é ágil e rápida, e sua luta se baseia em ataques velozes e saltos.  \n- Seu ataque mais perigoso é o \"salto e golpe\", onde ela salta e ataca com seu aguilhão, exigindo uma boa esquiva.  \n- Hornet utiliza sua habilidade de \"rede de fio\" para se balançar pela arena e atacar à distância. Para evitar isso, fique atento aos seus movimentos e use a mobilidade do Cavaleiro para desviar e contra-atacar.  \n- Hornet tem um padrão de ataque fluido e, embora seja muito agressiva, há momentos em que ela para, oferecendo oportunidades para atacar.  \n- Se você tiver paciência e aprender a antecipar seus movimentos, a batalha será mais fácil. Mantenha a calma e aproveite as brechas no padrão de ataque dela.",
  "tremarmita": "Lore:  \nTremarmita é uma criatura formidável que habita as profundezas mais escuras de Hallownest. Antigamente um guardião leal, foi corrompido por forças desconhecidas, transformando-se em uma entidade de pura destruição. Sua presença envenena o ambiente ao redor, e seu poder desencadeia terremotos que sacodem o chão com cada ataque.\n\nEstratégias:  \n- Seus ataques provocam vibrações no terreno. Mantenha o equilíbrio e desvie dos movimentos que causam tremores.\n- Use habilidades de salto para evitar ataques de alcance médio e manter a mobilidade.\n- Quando Tremarmita se prepara para um ataque poderoso, busque abrigo atrás de estruturas no campo de batalha para reduzir o dano.\n- Ataque durante suas fases de recuperação quando a criatura está mais lenta e vulnerável.\n- Observe os padrões de seus movimentos para antecipar e contrapor suas investidas sísmicas.",
  "caballero_vigia": "Lore:  \nOs Cavaleiros Vigia são antigos guardiões mecânicos encarregados de proteger a Torre do Vigia e o Sonhador Lurien. Eles eram originalmente cavaleiros vivos, mas após suas mortes foram transformados em construtos animados por mecanismos e materiais mágicos. Agora, servem como a última linha de defesa antes de alcançar o Sonhador.\n\nEstratégias:  \n- Na luta, você começa enfrentando um Cavaleiro, mas outros se juntarão ao longo do tempo, até um máximo de seis.  \n- Concentre-se em derrotá-los rapidamente para evitar ser cercado.  \n- Seus ataques mais comuns incluem rolar em sua direção e mergulhar do ar. Mantenha-se em movimento e procure aberturas para desviar.  \n- Ataque após eles terminarem o movimento de rolagem ou após esquivar do mergulho.  \n- Ataques carregados podem ser eficazes se houver tempo entre os padrões de ataque.",
  "rey_vengamosca": "Lore:  \nEsta criatura é uma versão maior e mais agressiva das Vengeflies comuns. Como um dos predadores dominantes de seu ecossistema, usa sua velocidade e agilidade para proteger seu território e atacar intrusos. Está profundamente influenciada pela infestação, o que a torna ainda mais feroz e determinada a eliminar qualquer ameaça.\n\nEstratégias:  \n- Este chefe é caracterizado por seus rápidos movimentos aéreos e investidas direcionadas ao jogador. Fique de olho na posição dele e antecipe seus movimentos para desviar com precisão.  \n- Ele pode realizar investidas consecutivas e disparar projéteis. Mantenha-se em constante movimento para evitar ser atingido.  \n- A melhor oportunidade para atacar é quando ele termina uma de suas investidas e para brevemente no ar antes do próximo movimento.  \n- Use ataques à distância, se possível, para minimizar o risco de contato direto com o chefe.  \n- Evite ficar muito perto das paredes, pois o chefe pode prendê-lo ali com suas rápidas investidas.",
  "oblobble": "Lore:  \nEste inimigo é uma criatura flutuante e corrompida, formada pela infestação que consome Hallownest. Sua natureza explosiva e seu movimento errático o tornam perigoso, especialmente em espaços apertados. Embora seu tamanho não seja imponente, sua habilidade de lançar projéteis e se mover de forma imprevisível faz dele um adversário desafiador para os despreparados.\n\nEstratégias:  \n- Este chefe se caracteriza por lançar projéteis explosivos que se dispersam em várias direções ao impactar. Mantenha distância e preste atenção à trajetória dos disparos.  \n- Seu movimento é flutuante e errático, por isso é importante antecipar seus movimentos e atacar quando ele estiver mais próximo.  \n- Tente atacar de um local seguro e mantenha-se em movimento constante para evitar ficar preso entre seus ataques.  \n- Se estiver cercado por projéteis, priorize desviar antes de tentar atacar. A paciência é essencial neste confronto.  \n- Aproveite os momentos entre os ataques para acertar golpes precisos e eliminá-lo rapidamente.",
  "domador_de_dioses": "Lore:  \nO Domador de Deuses é um guerreiro formidável que aparece no Coliseu dos Tolos. Este combatente treinou uma poderosa besta que luta ao seu lado em uma combinação feroz de ataques coordenados. Embora o título sugira uma conexão divina, é mais provável que se refira ao domínio sobre sua companheira bestial.\n\nEstratégias:  \n- A luta envolve enfrentar tanto o Domador quanto sua besta. Foque em derrotar um primeiro para reduzir a pressão.  \n- A besta realiza investidas rápidas e saltos. Mantenha-se móvel e atento aos padrões dela.  \n- O Domador ataca lançando projéteis a curta distância. Esquive e aproveite os momentos em que ele está vulnerável após atacar.  \n- Uma vez que um deles for derrotado, a luta se torna mais gerenciável. Se decidir focar na besta primeiro, desvie dos ataques do Domador enquanto causa dano rapidamente à besta.",
  "galien": "Lore:  \nGalien foi um guerreiro que buscava glória e perfeição no combate. Sua obsessão por provar seu valor levou a uma morte prematura nos limites de Hallownest. Mesmo após sua morte, seu espírito permanece nos Campos do Descanso, preso por suas ambições não realizadas. Embora honrado, sua arrogância e orgulho são evidentes em suas palavras.\n\nEstratégias:  \n- Galien invoca uma grande foice espectral que gira ao seu redor. Mantenha-se longe da trajetória da foice enquanto ataca.  \n- Durante a luta, foices menores aparecerão e se moverão de forma errática. Concentre-se em desviar enquanto encontra oportunidades para atacar.  \n- Mantenha-se em movimento e procure espaços seguros entre as foices para atacar com segurança.  \n- Use habilidades de longo alcance se tiver dificuldade para se aproximar, mas tome cuidado para não ficar preso na zona de ataque dele.",
  "zote": "Lore:  \nZote, o Poderoso, é um cavaleiro vaidoso que viajou por todo Hallownest em busca de glória e reconhecimento. Apesar de não ser o guerreiro mais habilidoso, sua determinação inabalável o levou a confrontar adversários poderosos. Sua arrogância e falta de experiência frequentemente o colocam em situações complicadas, tornando-o um oponente inesperadamente desafiador para aqueles que subestimam sua perseverança.\n\nEstratégias:  \n- Observe seus padrões de ataque para antecipar suas investidas e desvie-os com precisão.\n- Aproveite seus breves momentos de vulnerabilidade após seus ataques para infligir dano significativo.\n- Mantenha uma distância média para evitar seus ataques corpo a corpo e utilize projéteis, se disponíveis.\n- Seja paciente e não se intimide com seus movimentos agressivos; concentre-se em ataques consistentes e bem calculados.\n- Utilize o ambiente a seu favor para bloquear suas investidas e criar oportunidades de contra-ataque.",
  "caballero_colmena": "Lore:  \nO Cavaleiro Colmeia é o protetor leal da Rainha da Colmeia. Ele é profundamente dedicado ao seu dever, disposto a sacrificar tudo por sua soberana. Embora a Colmeia tenha se isolado do restante de Hallownest, este cavaleiro mantém seu juramento e luta ferozmente para proteger seu lar e sua rainha.\n\nEstratégias:  \n- Preste atenção às suas investidas rápidas: ele pode avançar em sua direção com grande velocidade. Esquive para trás ou use movimentos precisos para evitar o ataque.  \n- Seus ataques com o ferrão deixam rastros de mel no chão. Evite essas áreas até que desapareçam.  \n- Aproveite os momentos em que ele pausa após um ataque para causar dano.  \n- Use habilidades ofensivas nos momentos em que houver abertura, especialmente durante as pausas após investidas.",
  "sin_ojos": "Lore:  \nEsta entidade sombria habita as profundezas escuras onde a luz mal penetra. Sua presença infunde medo em quem ousa aventurar-se em seu território, e seus movimentos são imprevisíveis e aterrorizantes. Em sua forma atual, emana uma energia escura que reflete sua natureza vingativa e destrutiva.\n\nEstratégias:  \n- Utiliza ataques rápidos e surpresas das sombras. Mantenha vigilância constante para antecipar seus movimentos.\n- Emite ondas de energia escura que requerem esquivas precisas.\n- Invoca servos menores para sobrecarregar o jogador. Priorize eliminá-los rapidamente.\n- Aproveite os momentos após seus ataques para causar dano significativo.\n- Mantenha a calma e gerencie seu espaço para evitar ficar preso por suas investidas.",
  "marmu": "Lore:  \nMarmu é um chefe opcional, localizado na *Caverna de Cristal*, uma área cheia de insetos intimamente ligados à alma e à espiritualidade. Marmu é uma criatura que parece ser uma mistura de inseto e ser espiritual, e a batalha acontece em um ambiente adornado com cristais. Marmu é considerada uma guardiã, alguém que protege algo valioso, neste caso, o santuário profundo na caverna. Marmu foi uma protetora do reino, mas com o tempo, caiu na desesperança, se transformando em uma versão mais violenta de si mesma. Sua luta é uma manifestação de sua batalha interna e a confusão causada pela corrupção que afeta Hallownest.\n\nEstratégias:  \n- Marmu tem um padrão de ataque baseado principalmente em sua habilidade de invocar e lançar esferas de energia.  \n- Na primeira fase, ela se concentra em invocar orbes de energia que seguem um padrão circular. Você deve prestar atenção ao movimento dela e evitar ser cercado pelos orbes.  \n- Em certos momentos, Marmu se moverá rapidamente pela arena e atacará diretamente com sua agulha. Se você estiver perto dela, prepare-se para desviar.  \n- Marmu também lança orbes que explodem a curta distância, causando dano significativo se não forem evitados. Esses ataques podem parecer fáceis de antecipar, mas a velocidade com que ela os lança pode te surpreender.  \n- Durante a segunda fase, Marmu se torna mais agressiva, combinando ataques rápidos com projéteis e orbes. Aproveite os momentos em que Marmu para para atacar e se prepare para desviar rapidamente.  \n- Mantenha o foco e use os espaços entre os ataques dela para se curar, pois em sua fase mais difícil, Marmu se torna muito difícil de desviar.",
  "hollow_knight": "Lore:  \nO Hollow Knight é o principal antagonista. Ele é a forma selada do cavaleiro que deveria conter a Infecção dentro de seu ser. Esse ser, uma sombra do Cavaleiro, foi criado para ser o recipiente do Vazio, mas falhou em sua missão e sucumbiu à corrupção. O Hollow Knight reside no Templo do Vazio, onde seu destino está selado: lutar até o fim para proteger o coração do Vazio, embora tenha perdido a consciência de sua missão. O Cavaleiro o enfrenta para assumir seu destino e pôr fim à Infecção que consome Hallownest.\n\nEstratégias:  \n- O Hollow Knight é um chefe de combate direto, com ataques rápidos e previsíveis. Seu padrão de luta gira em torno de um ciclo de movimentos que inclui saltos, investidas e ataques com sua agulha.  \n- Durante a batalha, sua agulha se estende em direção ao Cavaleiro com ataques à distância. Mantenha distância, mas esteja preparado para esquivar rapidamente.  \n- Fique atento ao salto em que o Hollow Knight sobe e cai em direção ao Cavaleiro, causando dano ao aterrissar.  \n- Aproveite as brechas de oportunidade após seus ataques maiores (como a investida) para causar dano.  \n- Mantenha a calma durante os momentos mais intensos da luta, pois o Hollow Knight se torna mais agressivo conforme sua saúde diminui.",
  "senores_mantis": "Lore:  \nOs Senhores Mantis são antigas entidades guardiãs das florestas sagradas. Com movimentos ágeis e uma sabedoria milenar, protegem o equilíbrio natural enfrentando qualquer um que tente corromper seu domínio. Sua aparência imponente e habilidades letais os tornam adversários respeitados e temidos.\n\nEstratégias:  \n- Eles utilizam ataques rápidos de lâminas e saltos impressionantes. Mantenha uma distância segura e desvie de seus movimentos com precisão.\n- Realizam investidas em múltiplas direções. Observe seus padrões para antecipar e evitar suas investidas.\n- Ao receber dano, tornam-se mais agressivos e rápidos. Conserve sua energia e ataque estrategicamente.\n- Aproveite os momentos de recuperação após seus ataques para contra-atacar com golpes poderosos.\n- Use o ambiente a seu favor para limitar seus movimentos e criar oportunidades de ataque.",
  "nosk": "Lore:  \nEste chefe é uma criatura estranha que habita as profundezas de uma área escura e retorcida do reino. Embora à primeira vista pareça uma criatura que imita os habitantes de Hallownest, na verdade é uma manifestação corrompida da infestação. Ela se esconde sob a forma de outro ser para atrair sua presa e atacá-la, sendo um exemplo perfeito de como a corrupção se espalha pelo reino. Sua habilidade de se transformar em uma criatura semelhante aos próprios habitantes é o que a torna particularmente perigosa, enganando os desprevenidos a se aproximarem.\n\nEstratégias:  \n- O chefe é caracterizado por ser ágil e rápido em seus ataques. Ele se move rapidamente pelo campo de batalha, realizando saltos e investidas que cobrem uma grande distância.  \n- Durante a luta, o chefe lança ataques rápidos e investidas contra o jogador, o que exige que você se esquive constantemente. Ele também pode invocar outras criaturas menores para distrair e complicar a luta.  \n- A chave para derrotá-lo é a paciência e o controle dos seus movimentos. Seu padrão de ataque é previsível, por isso, é importante estar atento às suas investidas e ataques rápidos.  \n- Durante a batalha, o chefe tende a desaparecer e reaparecer, o que pode desorientar o jogador. No entanto, seus movimentos geralmente seguem um padrão, por isso é essencial antecipar suas ações.  \n- Mantenha-se em movimento o tempo todo, use seus saltos para desviar das investidas e, quando a oportunidade surgir, ataque rapidamente para reduzir sua saúde.",
  "receptaculo_roto": "Lore:  \nEsta criatura é um receptáculo falho, uma das tentativas defeituosas de conter a infestação que assola o reino. Embora seu corpo ainda mostre traços da pureza com a qual foi criado, agora está corrompido e dominado pela infestação. Seu estado decomposto e movimentos erráticos refletem sua luta interna, tornando-o uma ameaça agressiva para qualquer um que cruze seu caminho.\n\nEstratégias:  \n- Este chefe é rápido e utiliza ataques físicos poderosos combinados com saltos e investidas. É importante antecipar seus movimentos para desviar com eficácia.  \n- Ele realiza ataques de área que cobrem grande parte do chão. Observe os padrões e mova-se para uma zona segura antes do impacto.  \n- Nas fases mais avançadas da luta, ele se torna mais agressivo e seus padrões ficam menos previsíveis. Mantenha a calma e foque em evitar danos desnecessários.  \n- A chave para derrotá-lo é encontrar janelas de ataque entre suas investidas. Use golpes rápidos e precisos nesses momentos para maximizar o dano sem se expor demais.  \n- Mantenha-se em movimento constante para evitar ser atingido por ataques consecutivos.",
  "el_coleccionista": "Lore:  \nO Colecionador é uma criatura enigmática de Hallownest que reside na Torre do Amor. Obcecado por coletar espécimes vivos, ele os guarda em frascos como se fossem troféus. Embora sua aparência seja semelhante à do Cavaleiro, parece ser uma criação artificial alimentada pela Infecção, possivelmente feita pelo Mestre da Torre para diversão ou experimentação.\n\nEstratégias:  \n- O Colecionador se move rapidamente e salta pela arena, dificultando acompanhar seus movimentos.  \n- Evite os frascos que ele joga, pois liberam inimigos ao serem quebrados. Foque em destruir os frascos antes que os inimigos se acumulem.  \n- Mantenha-se sempre em movimento, pois ele pode investir contra você com pouca advertência.  \n- Aproveite as janelas de ataque quando ele pousar após um salto ou parar brevemente para lançar frascos.",
  "uumuu": "Lore:  \nUumuu é uma entidade onírica presa entre os reinos dos sonhos e da realidade, emergindo das profundezas do subconsciente de Hallownest. Antigamente um guardião dos sonhos, foi corrompido por pesadelos sombrios que distorceram sua essência. Agora, Uumuu perambula pelas terras oníricas, desencadeando o caos e desafiando aqueles que buscam desvendar os mistérios de seu poder.\n\nEstratégias:  \n- Seus ataques são rápidos e baseados em energia onírica. Mantenha uma mobilidade constante para desviar de suas rajadas.\n- Utilize as sombras do ambiente para antecipar seus movimentos e preparar seus contra-ataques.\n- Quando Uumuu invoca orbes de sonho, destrua-os rapidamente antes que acumulem energia.\n- Aproveite os momentos de vulnerabilidade após seus ataques mais potentes para infligir dano significativo.\n- Mantenha a calma e concentre-se em padrões específicos de ataque para prever e evadir eficientemente seus movimentos.",
  "el_destello": "Lore:  \nA Radiante é uma deusa antiga de Hallownest, representando a Luz e se opondo ao Vazio. Sua existência e culto foram esquecidos após a ascensão do Rei Pálido, que ofereceu aos habitantes de Hallownest a promessa de um reino eterno livre da influência dos antigos deuses. Em busca de vingança, a Radiante usou a Infecção para invadir as mentes dos insetos, desencadeando a corrupção que devastou o reino.\n\nEstratégias:  \n- Fase 1: Desvie das lâminas de luz e dos raios que descem do céu. Mantenha-se em movimento e ataque quando ela estiver parada.  \n- Fase 2: Surgem padrões mais complexos com raios cruzados e plataformas flutuantes. Aprenda os padrões e ajuste seus movimentos.  \n- Fase 3: Durante a ascensão, concentre-se em evitar ataques enquanto sobe, usando as plataformas para causar dano.  \n- A chave para a vitória é aprender os padrões de ataque dela e manter a calma. Priorize a sobrevivência em vez de infligir dano constante.",
  "xero": "Lore:  \nXero é uma entidade etérea que reside nos cantos mais místicos de Hallownest. Antigamente um sábio guardião de segredos arcanos, Xero foi consumido por uma obsessão pelo conhecimento proibido, transformando-se em uma figura fantasmagórica que vaga entre as dimensões. Sua aparência translúcida e habilidades sobrenaturais o tornam um adversário enigmático e perigoso.\n\nEstratégias:  \n- Utiliza ataques mágicos de longo alcance que exigem antecipação precisa para desviar.\n- Emprega habilidades de teletransporte para se mover rapidamente pelo campo de batalha. Mantenha uma posição estratégica para limitar seus movimentos.\n- Invoca barreiras de energia que devem ser destruídas antes de atacar. Priorize eliminar essas barreiras para abrir oportunidades de ataque.\n- Durante suas fases de recarga, ataque com combinações de golpes rápidos para maximizar o dano.\n- Observe seus padrões de ataque para identificar momentos chave e contrapor eficazmente suas habilidades sobrenaturais.",
  "gran_sabio_del_aguijon_sly": "Lore:  \nSly, conhecido como o Grande Mestre da Agulha, é um mestre esquecido das artes da agulha. Embora inicialmente pareça um humilde comerciante em Bocasujas, sua verdadeira identidade é revelada quando o Cavaleiro prova seu valor ao completar o Caminho da Dor ou derrotar vários mestres das agulhas. Sly treinou alguns dos espadachins mais habilidosos de Hallownest e guarda um profundo respeito pela tradição e pelo sacrifício.\n\nEstratégias:  \n- Sly é um oponente rápido e ágil, com ataques que cobrem grandes distâncias e apresentam padrões imprevisíveis.  \n- Esquive de seu ataque de investida rápida e ataque após ele terminar o movimento.  \n- Fique atento ao golpe descendente. Quando realizado, ele cria um impacto no chão; mantenha distância e contra-ataque após desviar.  \n- À medida que a luta avança, Sly executará combos mais longos e aumentará sua velocidade. Mantenha a calma e priorize esquivar-se ao invés de atacar constantemente.  \n- Aproveite as aberturas quando ele estiver se recuperando ou terminando um ataque para causar dano.",
  "grimm": "Lore:  \nGrimm é o líder da Troupe Grimm, uma companhia misteriosa que viaja por diferentes terras coletando a Essência do Pesadelo. Ele e sua trupe têm um propósito sombrio: sustentar uma divindade conhecida como o Coração do Pesadelo, alimentando-a com essa essência. Embora elegante e teatral, Grimm é uma figura perigosa com um propósito implacável, e sua batalha contra o Cavaleiro é tanto um espetáculo quanto uma prova.\n\nEstratégias:  \n- Grimm possui movimentos rápidos e precisos, como rajadas de fogo, saltos acrobáticos e uma chuva de espinhos que cobre a arena.  \n- Esquive do ataque de espinhos flamejantes procurando os espaços entre as chamas.  \n- Durante o ataque de chuva de espinhos, mantenha-se em constante movimento e observe os padrões para evitar danos.  \n- Aproveite os momentos em que ele fica vulnerável após certos ataques, como a investida, para contra-atacar.  \n- Mantenha a calma e aprenda os padrões de ataque. Esta luta recompensa paciência e observação cuidadosa.",
  "gorb": "Lore:  \nGorb foi uma figura excêntrica em vida, obcecado com a ideia de alcançar um estado superior de existência através da meditação e do conhecimento. Seu espírito agora vagueia pelo Descanso Espiritual, desafiando viajantes a provar seu valor. Seu mantra, \"Ascenda! Ascenda! Ascenda!\", reflete sua busca pela transcendência.\n\nEstratégias:  \n- Gorb ataca invocando lanças espectrais que emanam de sua posição e se expandem em todas as direções.  \n- À medida que a luta avança, as lanças aumentam em quantidade e velocidade. Mantenha a calma e procure os espaços entre elas para se mover e desviar.  \n- Ataque rapidamente entre as fases de ataque, mas evite ficar muito perto de sua posição.  \n- A chave para derrotá-lo é observar os padrões das lanças e encontrar um ritmo para esquivar e contra-atacar.",
  "markoth": "Lore:  \nMarkoth é um chefe opcional encontrado na área da *Agulha*, um lugar habitado pelos *guardiões da agulha*, um grupo de cavaleiros que protegem o reino e seus segredos. Markoth, como outros guardiões, está profundamente ligado ao dever de proteger e ao sacrifício. Ele é apresentado como um ser espiritual que usa o poder de sua agulha para invocar poderosos ataques de energia. Apesar de seu comportamento sério, Markoth também parece algo melancólico e resignado, sabendo que seu dever o levou a esse combate inevitável com o Cavaleiro. Como outros guardiões, Markoth representa lealdade e a luta interminável para manter a ordem no reino.\n\nEstratégias:  \n- Markoth possui um padrão de ataque previsível, mas seus ataques podem ser difíceis de desviar devido à rapidez com que ele os realiza.  \n- A luta começa com Markoth atacando à distância, invocando esferas de energia que ele disparará em direção ao Cavaleiro. Essas esferas podem ser desviadas, mas é importante prestar atenção ao padrão de disparo.  \n- Além das esferas de energia, Markoth usará sua agulha em ataques rápidos, incluindo saltos e cargas em direção ao Cavaleiro.  \n- Depois de alguns ataques, Markoth se elevará no ar e começará a disparar esferas de energia de forma mais agressiva. Aproveite os momentos em que ele desce para golpeá-lo, mas fique alerta para os ataques aéreos.  \n- Como em muitas outras batalhas, a chave é aprender o padrão de ataques de Markoth e ser paciente. Não apresse a luta e mantenha o foco, pois Markoth pode atacar muito rapidamente.",
  "false_knight": "Lore:  \nO Cavaleiro Falso é uma Magra enorme que roubou a armadura de um Cavaleiro Caído de Hallownest. Apesar de sua aparência imponente, suas motivações estão longe de ser nobres: ele apenas deseja proteger seu território de intrusos. A luta com ele revela sua verdadeira forma, uma criatura fraca e inexperiente escondida dentro de uma armadura roubada.\n\nEstratégias:  \n- Esquive os golpes com o martelo, que são lentos, mas têm grande alcance. Mantenha-se longe das ondas de choque quando ele golpeia o chão.  \n- Quando ele cambalear após sofrer dano suficiente, aproveite para atacar rapidamente.  \n- Fique atento aos escombros que caem do teto durante a luta, pois podem te machucar.  \n- Ataque a Magra exposta quando conseguir quebrar a armadura. Repita o processo até derrotá-lo.",
  "guardian_de_cristal": "Lore:  \nO Guardião Cristalino é uma das figuras protetoras da Cristaleira, uma área que guarda segredos antigos sobre a criação de Hallownest. Este ser mecânico e robusto se encontra nas profundezas da Cristaleira, e sua tarefa é defender a entrada da sala sagrada que abriga fragmentos de poder. Apesar de ser criado para proteger, o Guardião Cristalino foi possuído pela Infecção, tornando-se um inimigo feroz.\n\nEstratégias:  \n- O Guardião Cristalino utiliza um conjunto de ataques baseados em cristal e fragmentos, lançando projéteis de cristal contra o Cavaleiro.  \n- Esquive os cristais que caem do teto e os ataques de projéteis, mas mantenha-se perto dele para evitar que recarregue seu poder.  \n- Ataque após ele realizar um grande ataque, como sua investida ou o lançamento de cristais.  \n- Durante a luta, você pode aproveitar as plataformas do ambiente para desviar e contra-atacar nos momentos certos.  \n- A chave para derrotá-lo é manter-se em movimento constante, evitando os ataques e procurando aberturas para causar dano rapidamente.",
  "anciano_hu": "Lore:  \nO Ancião Hu foi um antigo sábio do reino de Hallownest, profundamente ligado aos aspectos espirituais de seu povo. Após sua morte, seu espírito ficou preso e agora aparece como uma figura espectral, se contorcendo em seu descontentamento. Ele frequentemente reflete sobre a inevitabilidade da morte e do esquecimento.\n\nEstratégias:  \n- Observe os anéis de ataque: Hu lança anéis espectrais que se expandem. Fique em movimento e desvie pelos espaços.  \n- Mantenha-se próximo ao chão quando os anéis cercarem você, pois pular pode dificultar a evasão.  \n- Use ataques à distância, como a Alma das Sombras ou Amuletos como \"Pedra do Xamã\".  \n- Se optar por ataques corpo a corpo, golpeie entre os ataques dele e mova-se constantemente para evitar ser encurralado.",
  "maestro_de_pintura_sheo": "Lore:  \nO Mestre Pintor Sheo é um chefe único, pertence aos *Chefes Opcionais* que você pode encontrar durante sua jornada. Sheo é um pintor talentoso que vive na *Casa da Pintura* na área dos *Jardins da Rainha*, e sua arte tem uma conexão profunda com a história de Hallownest. Ele é uma figura melancólica que se dedica a criar suas obras enquanto observa a desolação do reino. Embora pareça um personagem tranquilo, ao se deparar com o Cavaleiro, ele se mostra um mestre no uso da arte como forma de combate. Sua batalha, cheia de projéteis e ataques artísticos, é tanto um desafio quanto uma obra de arte em si mesma.\n\nEstratégias:  \n- A luta contra Sheo não é excessivamente complicada, mas tem um padrão baseado em seus ataques de pintura, que ele lança como projéteis.  \n- Sheo invoca telas mágicas que disparam projéteis coloridos, os quais causam dano ao Cavaleiro se o tocarem. É importante esquivar esses projéteis com precisão.  \n- Durante a luta, Sheo se posiciona em diferentes lugares para lançar seus ataques. Preste atenção ao seu movimento e use as oportunidades entre seus ataques para se aproximar e causar dano.  \n- Tenha cuidado com as grandes telas que Sheo lança pelo campo de batalha. Essas telas podem criar uma zona de ataque que te obriga a se mover rapidamente para evitar o dano.  \n- Embora seus ataques possam parecer inofensivos, o padrão de disparo pode ser difícil de desviar quando está cercado por telas. Fique em movimento e não se deixe encurralar.",
  "defensor_del_estiercol": "Lore:  \nO Defensor de Esterco, conhecido como Ogrim, foi um dos Cinco Grandes Cavaleiros de Hallownest. Ele continua leal ao seu rei e luta com honra, mesmo após a queda do reino. Agora, ele reside nas profundezas do sistema de esgoto, onde protege os encanamentos e relembra com orgulho os dias de glória de seu serviço.\n\nEstratégias:  \n- Seus principais ataques consistem em lançar bolas de esterco que quicam de forma imprevisível pela arena. Mantenha-se em movimento para evitá-las.  \n- Quando ele se enterra no chão, prepare-se para desviar, pois ele pode emergir rapidamente para atacar.  \n- Use os momentos em que ele está ocupado lançando esterco para se aproximar e atacar com segurança.  \n- Preste atenção aos padrões de ataque dele; embora pareçam caóticos, seguem um ritmo que você pode aprender a prever.",
  "musgoagresor_gigante": "Lore:  \nEste chefe é uma versão gigante de uma criatura agressiva que habita as profundezas do reino. Alterado pela corrupção, ele se tornou maior, mais forte e mais perigoso. Seu tamanho imenso e sua agressividade tornam-no um grande desafio para os aventureiros. É conhecido por ataques de investida e pela habilidade de liberar esporas venenosas que cobrem a arena de batalha. Além disso, na segunda fase da luta, ele pode invocar pequenos aliados que aumentam a dificuldade do confronto.\n\nEstratégias:  \n- O chefe se move lentamente, mas seus ataques são poderosos. Ele usa investidas e esmagamentos com seu corpo massivo.  \n- Durante a batalha, ele pode liberar esporas venenosas que afetam a área de combate, forçando o jogador a se mover constantemente para evitar danos.  \n- Embora seus ataques sejam lentos, eles causam dano significativo, por isso é importante manter distância e desviar com precisão.  \n- Nas fases seguintes, ele pode invocar criaturas menores que cercam o jogador. Esses inimigos adicionais distraem e complicam a luta, então é recomendável eliminá-los rapidamente.  \n- Aproveite as brechas entre seus ataques e use o espaço da arena a seu favor para fazer ataques rápidos e evitar ser atingido.",
  "guerrero_del_alma": "Lore:  \nO Guerreiro da Alma foi um guerreiro que antes era forte e honrado, mas foi corrompido pela escuridão da Infecção que assola Hallownest. Sua alma foi selada dentro do Santuário da Alma, onde ele se torna um guardião espectral que desafia qualquer intruso. Embora seja um reflexo do Cavaleiro, ele se tornou completamente errático e perigoso, buscando a perfeição na luta da alma.\n\nEstratégias:  \n- O Guerreiro da Alma imita as habilidades do Cavaleiro, como a investida, os saltos e o uso de habilidades de alma, como o \"Corte de Alma\".  \n- Esquive dos ataques de alma que são lançados de maneira rápida e precisa, especialmente os projéteis de alma.  \n- Aproveite os momentos em que ele para ou se prepara para um ataque grande para contra-atacar.  \n- Mantenha a calma e observe os padrões de ataque. O Guerreiro da Alma é previsível se for observado com atenção.  \n- Use suas habilidades de alma para refletir o dano e aumentar sua oportunidade de atacar quando ele enfraquecer após certos movimentos."
}