{
  "1": "Adquirido de Iselda em Bocasucia por [b][u]Geo220[/u][/b] após a primeira interação com Cornifer, o cartógrafo.\n\nUtilidade:\nEste amuleto é valioso para a exploração, especialmente nas etapas iniciais do jogo.\n\nÉ aconselhável substituí-lo por itens mais focados em combate ao se preparar para enfrentamentos importantes, como os chefes.",
  "2": "Dado por Sly em Bocasucia após aprender as 3 Artes do Ferrão dos Mestres de Ferrões:\n\nMestre de Ferrões Oro no Limite do Reino\nMestre de Ferrões Mato nos Penhascos Uivantes\nMestre de Ferrões Sheo no Caminho Verde\nUtilidade:\nEste amuleto é um dos melhores que ocupam 1 entalhe, junto com Canção das Larvas. Permite limpar áreas rapidamente e é muito útil no Coliseu dos Insensatos, onde é essencial para eliminar inimigos com um único golpe. Vale ressaltar que é exclusivo para estratégias de combate corpo a corpo focadas no uso do Ferrão, em vez de feitiços.",
  "3": "Adquirido de Sly em Bocasucia por [b][u]Geo200[/u][/b].\n\nUtilidade:\nEste amuleto é extremamente útil contra certos chefes cujos ataques são difíceis de esquivar. Oferece um intervalo de tempo mais amplo para atacar, permitindo, em algumas ocasiões, sobrecarregar o chefe simplesmente por meio de dano contínuo.\n\nTambém é benéfico durante a Prova dos Insensatos, já que há várias rodadas em que esquivar de todos os inimigos é muito difícil.",
  "4": "Localizado no final do Monte Ancestral, após derrotar o Baldur Ancião.\n\nUtilidade:\nÉ um dos primeiros amuletos que o jogador pode obter. Embora seu efeito não seja muito chamativo, é útil, pois permite curar-se com mais frequência. Além disso, ao requerer menos entalhes, é mais conveniente que o amuleto Devorador de Almas.",
  "5": "Adquirido de Salubra por [b][u]Geo220[/u][/b] em Encruzilhadas Esquecidas.\n\nUtilidade:\nEste amuleto aumenta o dano dos feitiços em uma faixa de 33% a 51%, dependendo do tipo de feitiço utilizado.",
  "6": "Localizado nas Terras de Repouso e requer o uso do Salto Desolador.\n\nUse o Salto Desolador sobre a tumba que está logo abaixo da Estação dos Veados e siga para a direita. O amuleto está próximo a uma estátua de um xamã.\n\nUtilidade:\nEste amuleto permite acumular ALMA rapidamente, mas requer 4 entalhes, o que reduz consideravelmente as opções do jogador. Na maioria dos casos, o amuleto Captura-Almas é uma opção mais eficiente.",
  "7": "Localizado sob uma estátua na Vila Mantis, nos Pântanos Fúngicos, perto da entrada para os Canais Reais.\n\nUtilidade:\nA habilidade de realizar um Avanço Rápido para baixo é útil em algumas áreas de plataformas ou para desviar de certos ataques. No entanto, o uso principal deste amuleto é para explorar o mapa, pois permite mover-se muito mais rápido do que caminhando.",
  "8": "Adquirido de Sly em Bocasucia por **[b][u]Geo400[/u][/b], requer ter obtido a Chave do Comerciante.\n\n**Utilidade:**\nAumenta a velocidade do Cavaleiro, permitindo-lhe correr mais rápido.\n\nEm muitos casos, é preferível usar diretamente a Capa Asa de Mariposa ou o Coração de Cristal, mas em áreas onde essas habilidades não podem ser utilizadas, este amuleto pode ser útil.",
  "9": "Entregue pelo Padre Larva uma vez que o jogador tenha libertado [b][u]10 Larvas[/u][/b] cativas.\n\n[b][u]Utilidade:[/u][/b]\nÉ um dos melhores amuletos de custo 1, pois fornece ALMA para se curar e recuperar o dano recebido. A quantidade de ALMA que concede por golpe não é suficiente para curar todo o dano, mas com alguns golpes ou ao combiná-lo com outros amuletos que aumentem a obtenção de ALMA, ele se torna um recurso incrivelmente valioso em uma construção baseada em feitiços.\n\nTambém é útil em áreas de plataformas onde não há inimigos disponíveis para obter ALMA.",
  "10": "Entregue pelo Padre Larva após libertar [b][u]46 Larvas[/u][/b] Cativas.\n\n[b][u]Utilidade:[/u][/b]\nÉ um amuleto complicado de usar: causa apenas metade do dano do ferrão, e o jogador deve ter todas as máscaras; além disso, os raios não geram ALMA ao atingir os inimigos.\n\nNo entanto, tem boa sinergia com Corte Rápido e Força Frágil, pois aumentam o dano infligido por segundo. Também é recomendável levar Coração de Saviavida e Núcleo de Saviavida, pois permitem que o jogador receba alguns golpes adicionais antes de perder o efeito do amuleto.\n\nÉ útil para realizar o desafio Flor Delicada, pois permite derrotar os inimigos a partir de uma distância segura.\n\nNão é um amuleto muito eficaz contra chefes, exceto no caso de O Flash e Flukemarm, onde evita que tenhamos que pular ou nos aproximar demais para atingi-los.\n\nO alcance dos projéteis NÃO aumenta com Longoferrão nem com Marca de Orgulho.\n\nO tamanho dos raios aumenta com a Marca de Orgulho.",
  "11": "Adquirido de Comepiernas nos Pântanos Fúngicos por [b][u]Geo350[/u][/b]. Se levarmos o Brasão do Defensor, o preço é reduzido para [b][u]Geo280[/u][/b].\n\nSe o amuleto quebrar, Comepiernas o reparará por [b][u]Geo200[/u][/b], ou por [b][u]Geo160[/u][/b] se tivermos o Brasão do Defensor.\n\n[b][u]Utilidade:[/u][/b]\nEste amuleto é muito poderoso, apesar de quebrar quando o jogador morre. Recomenda-se usá-lo em situações onde é improvável morrer, ou seja, durante explorações ou em batalhas contra os Chefes de Sono (o amuleto não quebrará se perdermos dentro de um sonho).\n\nÉ estritamente superior ao Coração de Saviavida, pois pelo mesmo custo fornece 2 máscaras normais que podem ser recuperadas ao concentrar ALMA.\n\nA maior desvantagem do amuleto é o tempo que leva para repará-lo caso quebre.\n\nPor fim, é importante mencionar que é um dos melhores amuletos para o modo Alma de Aço, onde não podemos morrer de nenhuma maneira.",
  "12": "Uma vez que o jogador tenha convocado a Companhia de Grimm, Divine aparecerá em Boca Suja. Para obter a versão inquebrável do Coração Frágil, o jogador deve equipar o amuleto e falar com ela. Em seguida, ela o comerá e pedirá em troca [b][u]Geo12000[/u][/b] para a versão aprimorada.\n\n[b][u]Utilidade:[/u][/b]\nEste amuleto é muito poderoso, apesar de quebrar quando o jogador morre. Recomenda-se usá-lo em situações onde a morte é improvável, como durante explorações ou em confrontos contra os Chefes de Sono (o amuleto não quebrará se o jogador perder dentro de um sonho).\n\nÉ estritamente superior ao Coração de Saviavida, pois pelo mesmo custo fornece 2 máscaras normais que podem ser recuperadas ao concentrar ALMA.\n\nA maior desvantagem deste amuleto é o tempo que leva para repará-lo caso ele quebre.\n\nPor fim, é importante mencionar que é um dos melhores amuletos para o modo Alma de Aço, onde não podemos morrer sob nenhuma circunstância.",
  "13": "Adquirido de Comepiernas nos Pântanos Fúngicos por [b][u]Geo250[/u][/b]. Se levarmos o Brasão do Defensor, o preço é reduzido para [b][u]Geo200[/u][/b].\n\nSe o amuleto quebrar, Comepiernas o reparará por [b][u]Geo150[/u][/b], ou por [b][u]Geo120[/u][/b] se tivermos o Brasão do Defensor.\n\n[b][u]Utilidade:[/u][/b]\nRecomenda-se usá-lo em situações onde a morte seja improvável, como durante explorações ou no Modo Alma de Aço.\n\nA maior desvantagem deste amuleto é o tempo necessário para repará-lo caso ele quebre.\n\nAo contrário de outros amuletos frágeis, a Ganância Frágil não é muito útil contra os Chefes de Sono, pois estes não soltam Geo.",
  "14": "Uma vez que o jogador tenha convocado a Companhia de Grimm, Divine aparecerá em Boca Suja. Para obter a versão inquebrável da Ganância Frágil, o jogador deve equipar o amuleto e falar com ela. Em seguida, ela o comerá e pedirá em troca [b][u]Geo9000[/u][/b] para a versão aprimorada.\n\n[b][u]Utilidade:[/u][/b]\nÉ aconselhável usar este amuleto em situações onde a morte é improvável, como durante explorações ou no Modo Alma de Aço.\n\nO principal inconveniente deste amuleto é o tempo necessário para repará-lo caso quebre.\n\nAo contrário de outros amuletos frágeis, a Ganância Frágil não é particularmente útil contra os Chefes de Sono, pois eles não soltam Geo.",
  "15": "Adquirido de Comepiernas nos Pântanos Fúngicos por [b][u]Geo600[/u][/b]. Se levarmos o Brasão do Defensor, o preço é reduzido para [b][u]Geo480[/u][/b].\n\nSe o amuleto quebrar, Comepiernas o reparará por [b][u]Geo350[/u][/b], ou por [b][u]Geo280[/u][/b] se tivermos o Brasão do Defensor.\n\n[b][u]Utilidade:[/u][/b]\nAumenta o dano do ferrão em 50%. Não afeta a Sombra Afiada.\n\nÉ um amuleto muito poderoso, pois, por apenas uma ranhura a mais, fornece o mesmo efeito que Fúria dos Caídos de forma permanente. Recomenda-se usá-lo em situações onde a morte seja improvável, como durante explorações ou em batalhas contra os Chefes de Sono (o amuleto não quebrará se o jogador perder dentro de um sonho).\n\nA maior desvantagem deste amuleto é o tempo necessário para repará-lo caso quebre.\n\nÉ um dos melhores amuletos para o modo Alma de Aço, onde o jogador não deve morrer em nenhuma circunstância.",
  "16": "Uma vez que o jogador tenha convocado a Companhia de Grimm, Divine aparecerá em Boca Suja. Para obter a versão inquebrável da Força Frágil, o jogador deve equipar o amuleto e falar com ela. Em seguida, ela o comerá e pedirá em troca [b][u]Geo15000[/u][/b] para a versão aprimorada.\n\n[b][u]Utilidade:[/u][/b]\nAumenta o dano do ferrão em 50%. Não tem efeito sobre Sombra Afiada.\n\nEste amuleto é extremamente poderoso, pois, por apenas uma ranhura a mais, fornece o mesmo efeito que Fúria dos Caídos de forma permanente. Recomenda-se usá-lo em situações onde a morte seja improvável, como durante explorações ou em confrontos contra Chefes de Sono (o amuleto não quebrará se o jogador perder dentro de um sonho).\n\nO principal inconveniente deste amuleto é o tempo necessário para repará-lo caso quebre.\n\nÉ um dos melhores amuletos para o modo Alma de Aço, onde o jogador não deve morrer em nenhuma circunstância.",
  "17": "Encontra-se em uma sala secreta no topo do Santuário das Almas, logo antes de enfrentar o Mestre das Almas.\n\n[b][u]Utilidade:[/u][/b]\nEste amuleto é extremamente valioso em uma configuração focada em feitiços, pois, ao contrário de outros como Devoralma ou Capturaalma, não depende dos golpes que o jogador inflige com o ferrão. No entanto, ao combiná-lo com qualquer amuleto que forneça ALMA, sua utilidade é significativamente aumentada.\n\nNão reduz o custo da Concentração.\n\n[b][u]Como adquirir:[/u][/b]",
  "18": "Vendido por Salubra por Geo120 nos Cruzamentos Esquecidos.\n\n[b][u]Utilidade:[/u][/b]\nEste amuleto é frequentemente subestimado, pois evita que O Cavaleiro seja empurrado para trás ao atingir inimigos com o Ferrão. É especialmente útil nas áreas de plataformas dos Jardins da Rainha.\n\nNo entanto, O Cavaleiro continuará sendo empurrado ao colidir com objetos do ambiente, como espinhos ou armaduras dos inimigos, se os atingir de cima.",
  "19": "Vendido por Sly por Geo350 em Boca Suja, requer ter entregado a Chave do Comerciante.\n\n[b][u]Utilidade:[/u][/b]\nEste amuleto é muito eficaz contra inimigos com ataques ininterruptos, pois, em muitos casos, permite empurrá-los o suficiente para que falhem o ataque que estavam carregando.\n\nNo entanto, inimigos que não sofrem retrocesso não são afetados por este amuleto, incluindo a maioria dos chefes. Recomenda-se substituí-lo nessas batalhas.",
  "20": "Encontra-se no Limite do Reino, em um altar dentro de uma sala secreta.\n\n[b][u]Utilidade:[/u][/b]\nEste amuleto permite realizar ataques com maior rapidez e facilita golpear os inimigos de cima, assim como os obstáculos do ambiente.",
  "21": "Vendido por Salubra por Geo300.\n\n[b][u]Utilidade:[/u][/b]\nEste amuleto aumenta o alcance do ferrão, permitindo que o jogador mantenha uma distância segura dos inimigos perigosos e facilitando os saltos ao atingir obstáculos.\n\nEmbora ofereça menos alcance que a Marca de Orgulho, é mais fácil de obter e ocupa menos ranhuras. Na maioria dos casos, a diferença em relação à Marca de Orgulho é praticamente imperceptível.\n\nNão afeta o alcance das Artes do Ferrão nem da Elegia da Larva Mosca.",
  "22": "Encontra-se na Aldeia Mantis, dentro de um baú em uma sala a nordeste dos Senhores Mantis. Só é acessível depois de derrotá-los.\n\n[b][u]Utilidade:[/u][/b]\nEste amuleto aumenta o alcance do ferrão, permitindo que o jogador mantenha uma distância segura dos inimigos perigosos e facilitando os saltos ao atingir obstáculos.\n\nEmbora forneça mais alcance que o Longoferrão, é mais difícil de conseguir e ocupa mais ranhuras.\n\nNão afeta o alcance das Artes do Ferrão nem da Elegia da Larva Mosca.\n\nQuando equipado junto com o Longoferrão, permite ao jogador ativar certas alavancas que estão atrás de portas fechadas. Esse comportamento parece não ser intencional.",
  "23": "Encontra-se no Passo do Rei.\n\nPodemos acessá-lo desde o início do jogo ao bater nos espinhos enquanto saltamos para chegar até o amuleto, ou podemos voltar quando tivermos a Capa de Asa de Mariposa ou a Garra de Mantis. Também é possível alcançá-lo escalando pela área que conecta com Boca Suja, usando as Asas de Monarca e a Garra de Mantis.\n\n[b][u]Utilidade:[/u][/b]\nEste amuleto aumenta o dano dos ataques que utilizam o ferrão, permitindo eliminar os inimigos mais rapidamente.\n\nComo requer que o jogador esteja em um estado próximo da morte, recomenda-se seu uso apenas para jogadores experientes que consigam esquivar todos os ataques dos inimigos. Caso contrário, Concentração Rápida pode ser uma melhor opção, pois permite ao jogador se recuperar mais rapidamente durante uma batalha.",
  "24": "Encontra-se no Caminho Verde, dentro de um labirinto de espinhos. É necessário ter a Capa de Asa de Mariposa para acessá-lo.\n\n[b][u]Utilidade:[/u][/b]\nO dano causado pelos espinhos é o dobro do dano base do ferrão, o que significa que melhorias externas como Força Frágil não afetam este amuleto. É importante lembrar que o dano causado por este amuleto não fornece ALMA, o que pode ser uma desvantagem em algumas situações.\n\nEste amuleto é especialmente eficaz quando há muitos inimigos na tela ao mesmo tempo, como no Coliseu dos Insensatos.\n\nNão se recomenda usá-lo no Canhão Nublado, pois pode prejudicar as águas-vivas, fazendo com que soltem seu núcleo explosivo, que persegue o jogador. No entanto, é muito útil na maioria das batalhas, pois compensa o dano recebido.",
  "25": "Este amuleto encontra-se a sudoeste dos Penhascos Uivantes. Há um baú nessa área que contém apenas Geo1; se saltarmos dentro dele, seremos levados a uma caverna guardada por dois Baldures anciãos, onde o amuleto está localizado.",
  "26": "Recompensa por vencer Tremarmita nos Canais Reais.\n\n[b][u]Utilidade:[/u][/b]\nA escolha de usar este amuleto depende do estilo de jogo do jogador. Você sacrifica alcance e consistência em troca da possibilidade de infligir até o dobro de dano. Seu uso é limitado a estratégias de combate corpo a corpo, já que é um desperdício de ALMA para ataques à distância.\n\nTremanido é altamente eficaz contra grupos de inimigos fracos ou contra chefes com hitboxes grandes.",
  "27": "Recompensa por vencer o Defensor do Esterco nos Canais Reais.\n\n[b][u]Utilidade:[/u][/b]\nGera de forma intermitente uma nuvem tóxica ao redor do Cavaleiro, causando entre 1 e 3 de dano aos inimigos próximos por tick.\n\nAs nuvens não são muito poderosas e seu alcance é bastante limitado, o que torna este amuleto bastante situacional.\n\nNão se recomenda usá-lo no Canhão Nublado, pois prejudica os Uomas, fazendo com que explodam.\n\nÉ possível evitar o primeiro encontro com o Guardião de Cristal, pois, se você se aproximar dele, causará dano e ele não acordará, permitindo que você o evite sem precisar matá-lo.",
  "28": "Localiza-se em Cruzamentos Esquecidos, em uma sala secreta à direita da área do Cavaleiro Falso. É necessário ter o Coração de Cristal.\n\n[b][u]Utilidade:[/u][/b]\nAo drenar a ALMA do jogador, este amuleto invoca periodicamente crias (até um máximo de 4) que orbitam ao redor do jogador e atacam o inimigo mais próximo, causando 7 de dano e morrendo no processo.\n\nA escolha de usar este amuleto depende do estilo de combate do jogador. É especialmente recomendado para quem prefere combate corpo a corpo e tem boas habilidades para esquivar, pois poderá aproveitar a ALMA que não for gasta em curas ou feitiços.",
  "29": "Vendido por Salubra por [b]Geo800[/b] em Cruzamentos Esquecidos.\n\n[b][u]Utilidade:[/u][/b]\nEste amuleto permite ao jogador se curar na metade do tempo, o que é muito útil contra certos chefes e em situações com múltiplos inimigos, como no Coliseu dos Insensatos.\n\nSe utilizado em combinação com Concentração Profunda, a velocidade de cura será a mesma que a velocidade padrão; no entanto, com essa combinação de amuletos, seremos capazes de curar duas máscaras ao mesmo tempo.",
  "30": "Encontra-se no Pico de Cristal, dentro de uma caverna de cristal escondida.\n\nAbaixo da área onde o jogador encontra Cornifer, há uma Casca Mineradora que está cavando uma parede. Destrua essa parede para revelar uma área secreta. Requer Coração de Cristal.\n\n[b][u]Utilidade:[/u][/b]\nSeu alto custo e tempo de concentração o tornam difícil de usar contra chefes. É mais eficaz em áreas onde o jogador tem tempo para descansar, como zonas de plataformas, onde pode ser muito útil se combinado com Canção das Larvas e Sangue da Colmeia. Frequentemente é substituído por Concentração Rápida devido à sua maior utilidade em batalhas contra chefes e seu menor custo em muescas.",
  "31": "Vendido por Salubra por Geo250 em Cruzamentos Esquecidos.\n\n[b][u]Utilidade:[/u][/b]\nO jogador recebe 2 máscaras de salva-vida, que são preenchidas após descansar em um banco. Este HP não pode ser recuperado com a concentração de ALMA.\n\nAssim como o Núcleo de Salva-vida, este amuleto é útil para jogadores com um estilo de jogo focado em feitiços, pois permite usar a ALMA para causar dano ao inimigo em vez de se curar. Seu baixo custo é útil se desejarmos ter mais muescas livres, mas 2 máscaras de salva-vida não são tão significativas em comparação com o Núcleo de Salva-vida ou outros amuletos de cura, como Concentração Rápida ou Sangue da Colmeia.\n\nEm termos de estratégias de combate, é comum usá-lo em lutas corpo a corpo (absorvendo dano e aproveitando os momentos de invulnerabilidade) ou em estratégias de feitiços, pois, se jogado corretamente, ajuda a economizar ALMA em curas.",
  "32": "Na parede esquerda do Abismo há uma caverna que só se abre se o jogador tiver 15 ou mais máscaras de salva-vida. Elas podem ser obtidas destruindo casulos de salva-vida ou equipando amuletos como o Coração de Salva-vida ou a Bênção de Joni (este último também transforma as máscaras fornecidas pelo Coração Frágil). O amuleto está no final dessa caverna.\n\nAlém disso, há um Ovo Arcano na mesma área, mas uma vez que o jogador obtenha o Núcleo de Salva-vida, ele será expulso da sala e a porta ficará fechada para sempre. Portanto, recomenda-se pegar o Ovo Arcano primeiro e depois o amuleto.\n\n[b][u]Utilidade:[/u][/b]\nFornece 4 máscaras de salva-vida após descansar em um banco; essas máscaras não podem ser regeneradas por concentração de ALMA.\n\nAssim como o Coração de Salva-vida, este amuleto é útil para jogadores com um estilo de jogo focado em feitiços, pois permite usar a ALMA para causar dano em vez de se curar.\n\nÉ possivelmente o melhor amuleto de salva-vida, pois fornece o dobro de máscaras que o Coração de Salva-vida e não transforma todas as máscaras em máscaras de salva-vida como a Bênção de Joni, permitindo que o jogador se cure, se necessário.\n\nEm termos de estratégias de combate, é comum usá-lo em lutas corpo a corpo (absorvendo dano e aproveitando os momentos de invulnerabilidade) ou em estratégias de feitiços, pois, se jogado corretamente, ajuda a economizar ALMA em curas.",
  "33": "Encontra-se no Descanso de Joni, em uma caverna nos Acantilados Uivantes.\n\n[b][u]Utilidade:[/u][/b]\nEste amuleto é útil em estratégias de combate corpo a corpo e em estratégias de feitiços, pois elimina a necessidade de usar ALMA para se curar. Além disso, permite acessar o amuleto Núcleo de Salva-vida ao aumentar drasticamente as máscaras azuis do jogador.",
  "34": "É adquirido ao vencer o Cavaleiro Colmeia, passando pelas portas à direita e descendo um pouco, conforme indicado no mapa.\n\n[b][u]Utilidade:[/u][/b]\n\nSubstitui a textura das máscaras de vida por favos de mel, que, após 10 segundos, regenerará a última máscara perdida (mesmo que o ataque recebido tenha quebrado duas). Se o jogador se curar concentrando-se, a regeneração em andamento será interrompida.\nRegenerará a salva-vida fornecida pela Benção de Joni, mas não a concedida pelo Coração de salva-vida ou Núcleo de salva-vida.\nEliminará o dano por contato dos inimigos da Colmeia, tornando-os passivos.\nRecomenda-se o uso deste amuleto em locais onde o ALMA não seja facilmente obtido, ou em batalhas contra chefes onde seja difícil curar-se (como, por exemplo, o Rei Pesadelo).",
  "35": "Este amuleto encontra-se nos Pântanos Fúngicos, perto da entrada secreta para os Jardins da Rainha e o Ninho Profundo. Requer a Garra de Mantis.\n\n[b][u]Utilidade:[/u][/b]\nÉ realmente útil em combate, especialmente quando se enfrenta vários inimigos ao mesmo tempo. Além disso, permite entender as criaturas fúngicas dos Pântanos Fúngicos, o que pode fornecer informações valiosas sobre o ambiente e seus habitantes.",
  "36": "Localizado no Ninho Profundo, ao sudeste da fonte das Águas Termais, atrás de uma Porta Escura. Requer a Capa Sombria.\n\n[b][u]Utilidade:[/u][/b]\nOs inimigos danificados pela Sombra Afiada não fornecem ALMA quando são derrotados. Esse ataque tem a capacidade de ferir inimigos imunes aos ataques do Aguijão, ampliando as opções táticas do jogador.\n\nAlém disso, o aumento de 39% na velocidade de avanço rápido pode ser especialmente útil contra chefes, pois facilita o movimento através dos seus ataques. No entanto, tenha em mente que isso pode tornar algumas zonas de plataformas mais difíceis de navegar.",
  "37": "Dado por Unn no Lago de Unn. Requer a Lágrima de Isma.\n\n[b][u]Utilidade:[/u][/b]\nEste amuleto permite que o Cavaleiro se mova enquanto concentra ALMA. No entanto, o movimento é limitado e lento; o jogador não pode pular nem usar qualquer habilidade de deslocamento durante esse tempo. Além disso, há uma animação que é reproduzida no início e no final da concentração, o que pode afetar a eficácia em situações de combate.",
  "38": "Dado por Sly em Bocasucia após aprender as 3 Artes do Ferrão dos Mestres do Ferrão:\n\nMestre do Ferrão Ouro no Limite do Reino  \nMestre do Ferrão Mato em Penhascos Uivantes  \nMestre do Ferrão Sheo em Caminho Verde\n\n[b][u]Utilidade:[/u][/b]  \nEste amuleto é um dos melhores que utilizam 1 encaixe, junto com Canção das Larvas. Permite limpar áreas rapidamente e é muito útil no Coliseu dos Insensatos, onde é essencial para eliminar inimigos de um só golpe. Vale ressaltar que é exclusivo para estratégias corpo a corpo centradas no uso do Ferrão, ao invés de feitiços.",
  "39": "Encontrado na Morada das Tecelãs.\n\n[b][u]Utilidade:[/u][/b]  \nEste amuleto invoca 3 pequenas tecelãs cujo movimento é principalmente terrestre, embora também possam pular e escalar paredes. Elas seguem o Cavaleiro e causam 3 pontos de dano por contato aos inimigos. Se uma tecelã cair ou perder o Cavaleiro de vista, uma nova tomará o seu lugar. Além disso, essas pequenas aranhas interagem com o Cavaleiro; por exemplo, ao se sentar em um banco, elas também se sentarão para esperar.",
  "40": "Dado pela Vidente após conseguir 500 de Essência.\n\n[b][u]Utilidade:[/u][/b]  \nEste é o amuleto mais eficiente para conseguir ALMA, graças ao seu baixo custo e alta efetividade. Ele dobra a quantidade de ALMA obtida ao atingir um inimigo com o Aguijão Onírico (de 33% para 66%) e reduz o tempo de carga para menos da metade (de 2,4 segundos para 0,9 segundos). Seu único inconveniente é que o jogador precisa ficar parado para usá-lo e ele não causa dano aos inimigos, apenas os empurra.\n\nEste amuleto é particularmente útil no Coliseu dos Insensatos, já que, se deixarmos um inimigo vivo, podemos usá-lo para preencher nossa barra de ALMA e nos curarmos.\n\nAlém disso, ele aumenta a probabilidade de os inimigos deixarem cair Essência:\n\nProbabilidade normal: 0,5%  \nPortador Onírico equipado: 1%  \nSe a essência foi gasta: 2%  \nSe a essência foi gasta e o amuleto estiver equipado: 4%",
  "41": "Encontra-se atrás de uma parede destrutível, nas Terras de Reposo, logo abaixo da sala da Vidente.\n\n[b][u]Utilidade:[/u][/b]  \nO escudo gira ao redor do Cavaleiro, bloqueando projéteis e causando dano aos inimigos.\n\nCada vez que o escudo entra em contato com um inimigo, causa dano equivalente ao do aguijão. Após o contato, o escudo é destruído e leva alguns segundos para se recuperar.\n\nAtacar com o aguijão faz com que o escudo embista para fora.\n\nConcentrar-se faz com que o escudo gire mais rápido e acelere sua recuperação.\n\nO escudo é capaz de causar dano aos Reptadores de Cristal.",
  "42": "Dado por Grimm após invocar a Companhia de Grimm.\n\n[b][u]Utilidade:[/u][/b]  \nEste amuleto invoca um familiar que se fortalece progressivamente cada vez que muda de fase. Além disso, permite ao Cavaleiro interagir com Grimm e lutar contra ele.",
  "43": "É otorgado por Nymm após falar com ele em Bocasucia. Para obtê-lo, é necessário desfazer a Companhia de Grimm, o que implica:\n\n- Derrotar Grimm.\n- Falar com Brumm em Nido Profundo.\n- Apagar a chama em Acantilados Uivantes sem derrotar o Rei Pesadelo.\n\n[b][u]Utilidade:[/u][/b]  \nO contador de golpes não reinicia ao morrer ou ao desequipá-lo, o que o torna particularmente útil em chefes radiantes. Este amuleto é especialmente valioso quando não há formas acessíveis de se curar. Além disso, permite que outros amuletos (como Espinhos de Agonia) sejam ativados simultaneamente com Melodia Despreocupada, exceto Canção das Larvas, que requer receber dano real.",
  "44": "Primeiro, você deve obter ambas as metades do amuleto:\n\n- Uma metade é concedida pela Dama Branca nos Jardins da Rainha.\n- A outra metade é uma recompensa do Palácio Branco.\nUma vez que você tenha ambas as metades, elas serão combinadas automaticamente para formar o amuleto completo.\n\n[b][u]Utilidade:[/u][/b]  \nUma vez equipado, o amuleto gera 2 de ALMA a cada 4 segundos. A Alma do Monarca é extremamente útil em áreas de plataforma, pois, ao contrário de Sanguecolmena, não exige que o jogador esteja danificado para funcionar.\n\nEste amuleto é usado principalmente para acessar a área secreta no fundo do Abismo. Após isso, normalmente é substituído permanentemente pelo Coração do Vazio. Apesar disso, pode ser útil para enfrentar a maioria dos chefes opcionais ou durante a batalha contra o Cavaleiro Vazio, aproveitando o breve período em que pode ser usado.",
  "45": "Ele se encontra no Lugar de Nascimento; sua entrada está no fundo do Abismo e só será aberta se o jogador tiver equipado a Alma do Monarca. No final da área, há um ovo que, se atingido com o Aguijão Onírico, revelará uma cena do passado onde aparece o Rei Pálido.\n\n[b][u]Utilidade:[/u][/b]  \nDesbloqueia o segundo e terceiro finais do jogo, nos quais Hornet ajuda o Cavaleiro na batalha contra o Hollow Knight. Uma vez que o jogador tenha adquirido o Coração do Vazio, não será mais possível acessar o primeiro final sem iniciar uma nova partida.\n\nEste amuleto faz com que a Sombra e os Irmãos do jogador não sejam hostis e não causem dano ao Cavaleiro. Além disso, permite que sejam destruídos com um único golpe e evita que mais Tentáculos do Vazio apareçam.\n\nO amuleto substitui a Alma do Monarca e não pode ser retirado. No entanto, perde seus efeitos e não ocupa espaço nas muescas.\n\nTambém desbloqueia novos diálogos com o Confessor Jiji, Alma de Aço Jinn, Dama Branca, Hornet e Bardoon."
}