{
  "charms": [
    {
      "id": 1,
      "name": "Bússola Caprichosa",
      "description": "Sussurra sua localização ao portador sempre que um mapa está aberto, permitindo aos viajantes localizar sua posição atual.",
      "notches": 1,
      "icon": "amuletos_icon/1.webp",
      "notches_image": "amuletos_icon/SoulCost.webp",
      "location_image": "amuletos_img/1.png"
    },
    {
      "id": 2,
      "name": "Enxame de Colecionadores",
      "description": "Um enxame seguirá o portador e recolherá todo o Geo solto. Útil para aqueles que não suportam deixar nada para trás.",
      "notches": 1,
      "icon": "amuletos_icon/2.webp",
      "notches_image": "amuletos_icon/SoulCost.webp",
      "location_image": "amuletos_img/2.png"
    },
    {
      "id": 3,
      "name": "Carapaça Robusta",
      "description": "Aumenta a resistência. Após sofrer dano, o portador permanecerá invulnerável por mais tempo, facilitando escapar de situações perigosas.",
      "notches": 2,
      "icon": "amuletos_icon/3.webp",
      "notches_image": "amuletos_icon/SoulCost.webp",
      "location_image": "amuletos_img/3.png"
    },
    {
      "id": 4,
      "name": "Apanhador",
      "description": "de AlmasUsado por xamãs para extrair mais ALMA do mundo ao seu redor. Aumenta a quantidade de ALMA recebida ao atacar um inimigo.",
      "notches": 2,
      "icon": "amuletos_icon/4.webp",
      "notches_image": "amuletos_icon/SoulCost.webp",
      "location_image": "amuletos_img/4.webp"
    },
    {
      "id": 5,
      "name": "Pedra do Xamã",
      "description": "Diz-se que contém o conhecimento de gerações passadas de xamãs. Aumenta o poder dos feitiços, causando mais dano aos inimigos.",
      "notches": 3,
      "icon": "amuletos_icon/5.webp",
      "notches_image": "amuletos_icon/SoulCost.webp",
      "location_image": "amuletos_img/5.png"
    },
    {
      "id": 6,
      "name": "Devorador de Almas",
      "description": "Artefato xamânico esquecido, usado para extrair ALMA de criaturas vivas. Aumenta significativamente a quantidade de ALMA recebida ao atacar um inimigo.",
      "notches": 4,
      "icon": "amuletos_icon/6.webp",
      "notches_image": "amuletos_icon/SoulCost.webp",
      "location_image": "amuletos_img/6.webp"
    },
    {
      "id": 7,
      "name": "Mestre da Esquiva",
      "description": "Com a imagem de um inseto excêntrico conhecido como \"O Dashmaster\". O portador poderá correr com mais frequência, inclusive para baixo.",
      "notches": 2,
      "icon": "amuletos_icon/7.webp",
      "notches_image": "amuletos_icon/SoulCost.webp",
      "location_image": "amuletos_img/7.webp"
    },
    {
      "id": 8,
      "name": "Mestre da Corrida",
      "description": "Com a imagem de um estranho inseto conhecido como \"O Sprintmaster\". Aumenta a velocidade de corrida do portador.",
      "notches": 1,
      "icon": "amuletos_icon/8.webp",
      "notches_image": "amuletos_icon/SoulCost.webp",
      "location_image": "amuletos_img/8.png"
    },
    {
      "id": 9,
      "name": "Canção das Larvas",
      "description": "Portugués: Contém a gratidão dos vermes libertos. Ganhe ALMA ao sofrer dano.",
      "notches": 1,
      "icon": "amuletos_icon/9.webp",
      "notches_image": "amuletos_icon/SoulCost.webp",
      "location_image": "amuletos_img/9.png"
    },
    {
      "id": 10,
      "name": "Elegia da Larvamosca",
      "description": "Contém a gratidão dos vermes que avançam para a próxima fase de suas vidas. Quando o portador estiver com saúde completa, disparará raios de energia da sua arma.",
      "notches": 3,
      "icon": "amuletos_icon/10.webp",
      "notches_image": "amuletos_icon/SoulCost.webp",
      "location_image": "amuletos_img/10.png"
    },
    {
      "id": 11,
      "name": "Coração Frágil",
      "description": "Aumenta a saúde do portador. Este amuleto é frágil e se quebrará se o portador morrer.",
      "notches": 2,
      "icon": "amuletos_icon/11.webp",
      "notches_image": "amuletos_icon/SoulCost.webp",
      "location_image": "amuletos_img/11.png"
    },
    {
      "id": 12,
      "name": "Coração Inquebrável",
      "description": "Aumenta a saúde do portador. Este amuleto é inquebrável.",
      "notches": 2,
      "icon": "amuletos_icon/12.webp",
      "notches_image": "amuletos_icon/SoulCost.webp",
      "location_image": "amuletos_img/12.png"
    },
    {
      "id": 13,
      "name": "Ganância Frágil",
      "description": "Faz com que o portador encontre mais Geo ao derrotar inimigos. Este amuleto é frágil e se quebrará se o portador morrer.",
      "notches": 2,
      "icon": "amuletos_icon/13.webp",
      "notches_image": "amuletos_icon/SoulCost.webp",
      "location_image": "amuletos_img/13.png"
    },
    {
      "id": 14,
      "name": "Ganância Inquebrável",
      "description": "Faz com que o portador encontre mais Geo ao derrotar inimigos. Este amuleto é inquebrável.",
      "notches": 2,
      "icon": "amuletos_icon/14.webp",
      "notches_image": "amuletos_icon/SoulCost.webp",
      "location_image": "amuletos_img/14.png"
    },
    {
      "id": 15,
      "name": "Força Frágil",
      "description": "Aumenta a força do portador, aumentando o dano causado com a arma. Este amuleto é frágil e se quebrará se o portador morrer.",
      "notches": 3,
      "icon": "amuletos_icon/15.webp",
      "notches_image": "amuletos_icon/SoulCost.webp",
      "location_image": "amuletos_img/15.png"
    },
    {
      "id": 16,
      "name": "Força Inquebráve",
      "description": "Aumenta a força do portador, aumentando o dano causado com a arma. Este amuleto é inquebrável.",
      "notches": 3,
      "icon": "amuletos_icon/16.webp",
      "notches_image": "amuletos_icon/SoulCost.webp",
      "location_image": "amuletos_img/16.png"
    },
    {
      "id": 17,
      "name": "Dobrador de Magias",
      "description": "Melhora a habilidade do portador de lançar feitiços, reduzindo o custo de ALMA ao fazê-lo.",
      "notches": 2,
      "icon": "amuletos_icon/17.webp",
      "notches_image": "amuletos_icon/SoulCost.webp",
      "location_image": "amuletos_img/17.webp"
    },
    {
      "id": 18,
      "name": "Corpo Firme",
      "description": "Impede que o portador recue ao atacar um inimigo, permitindo que o ataque continue.",
      "notches": 1,
      "icon": "amuletos_icon/18.webp",
      "notches_image": "amuletos_icon/SoulCost.webp",
      "location_image": "amuletos_img/18.png"
    },
    {
      "id": 19,
      "name": "Golpe Pesado",
      "description": "Aumenta a força do golpe, fazendo com que os inimigos recuem mais quando atingidos.",
      "notches": 2,
      "icon": "amuletos_icon/19.webp",
      "notches_image": "amuletos_icon/SoulCost.webp",
      "location_image": "amuletos_img/19.png"
    },
    {
      "id": 20,
      "name": "Corte Rápido",
      "description": "Permite que o portador golpeie muito mais rápido com sua arma.",
      "notches": 3,
      "icon": "amuletos_icon/20.webp",
      "notches_image": "amuletos_icon/SoulCost.webp",
      "location_image": "amuletos_img/20.webp"
    },
    {
      "id": 21,
      "name": "Ferrão Longo",
      "description": "Aumenta o alcance da arma do portador, permitindo atacar de mais longe.",
      "notches": 2,
      "icon": "amuletos_icon/21.webp",
      "notches_image": "amuletos_icon/SoulCost.webp",
      "location_image": "amuletos_img/21.png"
    },
    {
      "id": 22,
      "name": "Marca de Orgulho",
      "description": "Aumenta muito o alcance da arma do portador. Dado pela tribo Mantis a quem eles respeitam.",
      "notches": 3,
      "icon": "amuletos_icon/22.webp",
      "notches_image": "amuletos_icon/SoulCost.webp",
      "location_image": "amuletos_img/22.webp"
    },
    {
      "id": 23,
      "name": "Fúria dos Caídos",
      "description": "Aumenta a força do portador quando está perto da morte.",
      "notches": 2,
      "icon": "amuletos_icon/23.webp",
      "notches_image": "amuletos_icon/SoulCost.webp",
      "location_image": "amuletos_img/23.webp"
    },
    {
      "id": 24,
      "name": "Espinhos da Agonia",
      "description": "Ao receber dano, espinhos brotam do portador e causam dano aos inimigos próximos.",
      "notches": 1,
      "icon": "amuletos_icon/24.webp",
      "notches_image": "amuletos_icon/SoulCost.webp",
      "location_image": "amuletos_img/24.webp"
    },
    {
      "id": 25,
      "name": "Carapaça de Baldur",
      "description": "Protege o portador com uma concha dura ao concentrar ALMA. A concha quebra após absorver muito dano.",
      "notches": 2,
      "icon": "amuletos_icon/25.webp",
      "notches_image": "amuletos_icon/SoulCost.webp",
      "location_image": "amuletos_img/25.webp"
    },
    {
      "id": 26,
      "name": "Ninho de Flukes",
      "description": "Transforma o feitiço Espírito Vingativo em uma horda de filhotes de flukes voláteis.",
      "notches": 3,
      "icon": "amuletos_icon/26.webp",
      "notches_image": "amuletos_icon/SoulCost.webp",
      "location_image": "amuletos_img/26.webp"
    },
    {
      "id": 27,
      "name": "Insignia do Defensor",
      "description": "Faz com que o portador emita um odor heroico. Concedido pelo Rei de Hallownest ao seu cavaleiro mais leal.",
      "notches": 1,
      "icon": "amuletos_icon/27.webp",
      "notches_image": "amuletos_icon/SoulCost.webp",
      "location_image": "amuletos_img/27.webp"
    },
    {
      "id": 28,
      "name": "Útero Brilhante",
      "description": "Drena a ALMA do portador para gerar filhotes que se sacrificam para proteger seu pai.",
      "notches": 2,
      "icon": "amuletos_icon/28.webp",
      "notches_image": "amuletos_icon/SoulCost.webp",
      "location_image": "amuletos_img/28.webp"
    },
    {
      "id": 29,
      "name": "Foco Rápido",
      "description": "Aumenta a velocidade de concentração, permitindo ao portador curar-se mais rapidamente.",
      "notches": 3,
      "icon": "amuletos_icon/29.webp",
      "notches_image": "amuletos_icon/SoulCost.webp",
      "location_image": "amuletos_img/29.png"
    },
    {
      "id": 30,
      "name": "Foco Profundo",
      "description": "Diminui a velocidade de concentração, mas dobra o efeito de cura.",
      "notches": 4,
      "icon": "amuletos_icon/30.webp",
      "notches_image": "amuletos_icon/SoulCost.webp",
      "location_image": "amuletos_img/30.webp"
    },
    {
      "id": 31,
      "name": "Coração de Sangue Vital",
      "description": "Concede uma camada de sangue vivo que protege o portador de uma quantidade moderada de dano.",
      "notches": 2,
      "icon": "amuletos_icon/31.webp",
      "notches_image": "amuletos_icon/SoulCost.webp",
      "location_image": "amuletos_img/31.png"
    },
    {
      "id": 32,
      "name": "Núcleo de Sangue Vital",
      "description": "Concede uma grande quantidade de proteção de sangue vivo ao descansar.",
      "notches": 3,
      "icon": "amuletos_icon/32.webp",
      "notches_image": "amuletos_icon/SoulCost.webp",
      "location_image": "amuletos_img/32.webp"
    },
    {
      "id": 33,
      "name": "Bênção de Joni",
      "description": "Transforma fluidos vitais em sangue vivo azul, mas impede o portador de se curar ao concentrar ALMA.",
      "notches": 4,
      "icon": "amuletos_icon/33.webp",
      "notches_image": "amuletos_icon/SoulCost.webp",
      "location_image": "amuletos_img/33.webp"
    },
    {
      "id": 34,
      "name": "Sangue da Colmeia",
      "description": "Cura lentamente as feridas do portador com o tempo sem concentrar ALMA.",
      "notches": 4,
      "icon": "amuletos_icon/34.webp",
      "notches_image": "amuletos_icon/SoulCost.webp",
      "location_image": "amuletos_img/34.webp"
    },
    {
      "id": 35,
      "name": "Cogumelo com Esporos",
      "description": "Ao concentrar ALMA, emite uma nuvem de esporos que danifica lentamente os inimigos.",
      "notches": 1,
      "icon": "amuletos_icon/35.webp",
      "notches_image": "amuletos_icon/SoulCost.webp",
      "location_image": "amuletos_img/35.webp"
    },
    {
      "id": 36,
      "name": "Sombra Afiada",
      "description": "Permite que o portador cause dano aos inimigos ao usar o Dash Sombrio.",
      "notches": 2,
      "icon": "amuletos_icon/36.webp",
      "notches_image": "amuletos_icon/SoulCost.webp",
      "location_image": "amuletos_img/36.webp"
    },
    {
      "id": 37,
      "name": "Forma de Unn",
      "description": "Transforma o portador em uma nova forma, permitindo que ele se mova ao concentrar ALMA.",
      "notches": 2,
      "icon": "amuletos_icon/37.webp",
      "notches_image": "amuletos_icon/SoulCost.webp",
      "location_image": "amuletos_img/37.webp"
    },
    {
      "id": 38,
      "name": "Glória do Mestre do Ferrão",
      "description": "Aumenta a maestria do portador nas Artes do Clavo, permitindo focar o poder mais rápido.",
      "notches": 1,
      "icon": "amuletos_icon/38.webp",
      "notches_image": "amuletos_icon/SoulCost.webp",
      "location_image": "amuletos_img/38.png"
    },
    {
      "id": 39,
      "name": "Canção das Tecelãs",
      "description": "Portugués: Invoca pequenos tecelões para proteger o portador e oferecer companhia.",
      "notches": 2,
      "icon": "amuletos_icon/39.webp",
      "notches_image": "amuletos_icon/SoulCost.webp",
      "location_image": "amuletos_img/39.webp"
    },
    {
      "id": 40,
      "name": "Portador dos Sonhos",
      "description": "Aumenta a velocidade de carregar o Clavo dos Sonhos e permite coletar mais ALMA.",
      "notches": 1,
      "icon": "amuletos_icon/40.webp",
      "notches_image": "amuletos_icon/SoulCost.webp",
      "location_image": "amuletos_img/40.png"
    },
    {
      "id": 41,
      "name": "Escudo dos Sonhos",
      "description": "Conjura um escudo que orbita ao redor do portador e tenta protegê-lo.",
      "notches": 3,
      "icon": "amuletos_icon/41.webp",
      "notches_image": "amuletos_icon/SoulCost.webp",
      "location_image": "amuletos_img/41.webp"
    },
    {
      "id": 42,
      "name": "Criança Grimm",
      "description": "O portador deve procurar as chamas do Grimmkin para o ritual.",
      "notches": 2,
      "icon": "amuletos_icon/42.webp",
      "notches_image": "amuletos_icon/SoulCost.webp",
      "location_image": "amuletos_img/42.webp"
    },
    {
      "id": 43,
      "name": "Melodia Despreocupada",
      "description": "Contém uma canção de proteção que pode defender o portador de danos.",
      "notches": 3,
      "icon": "amuletos_icon/43.webp",
      "notches_image": "amuletos_icon/SoulCost.webp",
      "location_image": "amuletos_img/43.webp"
    },
    {
      "id": 44,
      "name": "Alma do Rei",
      "description": "Absorve lentamente ALMA ilimitada e abre o caminho para um local de nascimento.",
      "notches": 5,
      "icon": "amuletos_icon/44.webp",
      "notches_image": "amuletos_icon/SoulCost.webp",
      "location_image": "amuletos_img/44.webp"
    },
    {
      "id": 45,
      "name": "Coração Vazio",
      "description": "Unifica o vazio sob a vontade do portador e não pode ser desequipado.",
      "notches": 0,
      "icon": "amuletos_icon/45.webp",
      "notches_image": "amuletos_icon/SoulCost.webp",
      "location_image": "amuletos_img/45.webp"
    }
  ]
}