{
    "groups": [
        {
            "id": "benches",
            "name": "Benches",
            "icon": "assets/icons/groups/bench.webp",
            "icons": [
                {
                    "id": "bench_1",
                    "icon": "assets/icons/benches/bench.webp",
                    "position": {
                        "x": 358,
                        "y": -2065
                    }
                },
                {
                    "id": "bench_2",
                    "icon": "assets/icons/benches/bench.webp",
                    "position": {
                        "x": 259,
                        "y": -1862
                    }
                },
                {
                    "id": "bench_3",
                    "icon": "assets/icons/benches/bench.webp",
                    "position": {
                        "x": 86,
                        "y": -954
                    }
                },
                {
                    "id": "bench_4",
                    "icon": "assets/icons/benches/bench.webp",
                    "position": {
                        "x": 485,
                        "y": -1338
                    }
                },
                {
                    "id": "bench_5",
                    "icon": "assets/icons/benches/bench.webp",
                    "position": {
                        "x": 626,
                        "y": -1447
                    }
                },
                {
                    "id": "bench_6",
                    "icon": "assets/icons/benches/bench.webp",
                    "position": {
                        "x": 670,
                        "y": -2048
                    }
                },
                {
                    "id": "bench_7",
                    "icon": "assets/icons/benches/bench.webp",
                    "position": {
                        "x": 847,
                        "y": -1960
                    }
                },
                {
                    "id": "bench_8",
                    "icon": "assets/icons/benches/bench.webp",
                    "position": {
                        "x": 901,
                        "y": -1483
                    }
                },
                {
                    "id": "bench_9",
                    "icon": "assets/icons/benches/bench.webp",
                    "position": {
                        "x": 1108,
                        "y": -1101
                    }
                },
                {
                    "id": "bench_10",
                    "icon": "assets/icons/benches/bench.webp",
                    "position": {
                        "x": 1194,
                        "y": -744
                    }
                },
                {
                    "id": "bench_11",
                    "icon": "assets/icons/benches/bench.webp",
                    "position": {
                        "x": 1278,
                        "y": -1359
                    }
                },
                {
                    "id": "bench_12",
                    "icon": "assets/icons/benches/bench.webp",
                    "position": {
                        "x": 1356,
                        "y": -1587
                    }
                },
                {
                    "id": "bench_13",
                    "icon": "assets/icons/benches/bench.webp",
                    "position": {
                        "x": 1323,
                        "y": -1810
                    }
                },
                {
                    "id": "bench_14",
                    "icon": "assets/icons/benches/bench.webp",
                    "position": {
                        "x": 1210,
                        "y": -2066
                    }
                },
                {
                    "id": "bench_15",
                    "icon": "assets/icons/benches/bench.webp",
                    "position": {
                        "x": 1175,
                        "y": -2424
                    }
                },
                {
                    "id": "bench_16",
                    "icon": "assets/icons/benches/bench.webp",
                    "position": {
                        "x": 1762,
                        "y": -1092
                    }
                },
                {
                    "id": "bench_17",
                    "icon": "assets/icons/benches/bench.webp",
                    "position": {
                        "x": 1880,
                        "y": -1066
                    }
                },
                {
                    "id": "bench_18",
                    "icon": "assets/icons/benches/bench.webp",
                    "position": {
                        "x": 1860,
                        "y": -1628
                    }
                },
                {
                    "id": "bench_19",
                    "icon": "assets/icons/benches/bench.webp",
                    "position": {
                        "x": 2219,
                        "y": -1550
                    }
                },
                {
                    "id": "bench_20",
                    "icon": "assets/icons/benches/bench.webp",
                    "position": {
                        "x": 2245,
                        "y": -1232
                    }
                },
                {
                    "id": "bench_21",
                    "icon": "assets/icons/benches/bench.webp",
                    "position": {
                        "x": 1813,
                        "y": -1969
                    }
                },
                {
                    "id": "bench_22",
                    "icon": "assets/icons/benches/bench.webp",
                    "position": {
                        "x": 1925,
                        "y": -1900
                    }
                },
                {
                    "id": "bench_23",
                    "icon": "assets/icons/benches/bench.webp",
                    "position": {
                        "x": 2127,
                        "y": -1908
                    }
                },
                {
                    "id": "bench_24",
                    "icon": "assets/icons/benches/bench.webp",
                    "position": {
                        "x": 1781,
                        "y": -2192
                    }
                },
                {
                    "id": "bench_25",
                    "icon": "assets/icons/benches/bench.webp",
                    "position": {
                        "x": 2624,
                        "y": -2291
                    }
                },
                {
                    "id": "bench_26",
                    "icon": "assets/icons/benches/bench.webp",
                    "position": {
                        "x": 2668,
                        "y": -1959
                    }
                },
                {
                    "id": "bench_27",
                    "icon": "assets/icons/benches/bench.webp",
                    "position": {
                        "x": 2452,
                        "y": -1803
                    }
                },
                {
                    "id": "bench_28",
                    "icon": "assets/icons/benches/bench.webp",
                    "position": {
                        "x": 2360,
                        "y": -961
                    }
                },
                {
                    "id": "bench_29",
                    "icon": "assets/icons/benches/bench.webp",
                    "position": {
                        "x": 2401,
                        "y": -563
                    }
                },
                {
                    "id": "bench_30",
                    "icon": "assets/icons/benches/bench.webp",
                    "position": {
                        "x": 2993,
                        "y": -584
                    }
                },
                {
                    "id": "bench_31",
                    "icon": "assets/icons/benches/bench.webp",
                    "position": {
                        "x": 3383,
                        "y": -700
                    }
                },
                {
                    "id": "bench_32",
                    "icon": "assets/icons/benches/bench.webp",
                    "position": {
                        "x": 3243,
                        "y": -1146
                    }
                },
                {
                    "id": "bench_33",
                    "icon": "assets/icons/benches/bench.webp",
                    "position": {
                        "x": 3049,
                        "y": -1447
                    }
                },
                {
                    "id": "bench_34",
                    "icon": "assets/icons/benches/bench.webp",
                    "position": {
                        "x": 3438,
                        "y": -1545
                    }
                },
                {
                    "id": "bench_35",
                    "icon": "assets/icons/benches/bench.webp",
                    "position": {
                        "x": 3444,
                        "y": -1869
                    }
                },
                {
                    "id": "bench_36",
                    "icon": "assets/icons/benches/bench.webp",
                    "position": {
                        "x": 265,
                        "y": -1866
                    }
                },
                {
                    "id": "bench_37",
                    "icon": "assets/icons/benches/bench.webp",
                    "position": {
                        "x": 3444,
                        "y": -1869
                    }
                },
                {
                    "id": "bench_38",
                    "icon": "assets/icons/benches/bench.webp",
                    "position": {
                        "x": 4074,
                        "y": -976
                    }
                },
                {
                    "id": "bench_39",
                    "icon": "assets/icons/benches/bench.webp",
                    "position": {
                        "x": 3781,
                        "y": -1234
                    }
                },
                {
                    "id": "bench_40",
                    "icon": "assets/icons/benches/bench.webp",
                    "position": {
                        "x": 3293,
                        "y": -1957
                    }
                },
                {
                    "id": "bench_41",
                    "icon": "assets/icons/benches/bench.webp",
                    "position": {
                        "x": 2671,
                        "y": -1262
                    }
                }
            ]
        },
        {
            "id": "stations",
            "name": "Stations",
            "icon": "assets/icons/groups/station.webp",
            "icons": [
                {
                    "id": "station_1",
                    "icon": "assets/icons/benches/station.webp",
                    "position": {
                        "x": 236,
                        "y": -1008
                    }
                },
                {
                    "id": "station_2",
                    "icon": "assets/icons/benches/station.webp",
                    "position": {
                        "x": 601,
                        "y": -1447
                    }
                },
                {
                    "id": "station_3",
                    "icon": "assets/icons/benches/station.webp",
                    "position": {
                        "x": 663,
                        "y": -2047
                    }
                },
                {
                    "id": "station_4",
                    "icon": "assets/icons/benches/station.webp",
                    "position": {
                        "x": 979,
                        "y": -2504
                    }
                },
                {
                    "id": "station_5",
                    "icon": "assets/icons/benches/station.webp",
                    "position": {
                        "x": 1232,
                        "y": -1358
                    }
                },
                {
                    "id": "station_6",
                    "icon": "assets/icons/benches/station.webp",
                    "position": {
                        "x": 1810,
                        "y": -2188
                    }
                },
                {
                    "id": "station_7",
                    "icon": "assets/icons/benches/station.webp",
                    "position": {
                        "x": 2095,
                        "y": -1910
                    }
                },
                {
                    "id": "station_8",
                    "icon": "assets/icons/benches/station.webp",
                    "position": {
                        "x": 2240,
                        "y": -1556
                    }
                },
                {
                    "id": "station_9",
                    "icon": "assets/icons/benches/station.webp",
                    "position": {
                        "x": 3050,
                        "y": -583
                    }
                },
                {
                    "id": "station_10",
                    "icon": "assets/icons/benches/station.webp",
                    "position": {
                        "x": 3272,
                        "y": -1145
                    }
                },
                {
                    "id": "station_11",
                    "icon": "assets/icons/benches/station.webp",
                    "position": {
                        "x": 3310,
                        "y": -1957
                    }
                }
            ]
        },
        {
            "id": "temple_dreamers",
            "name": "Temple and Dreamers",
            "icon": "assets/icons/benches/temple_dreamers.webp",
            "icons": [
                {
                    "id": "herrah",
                    "icon": "assets/icons/benches/herrah.webp",
                    "position": {
                        "x": 86,
                        "y": -988
                    }
                },
                {
                    "id": "lurien",
                    "icon": "assets/icons/benches/lurien.webp",
                    "position": {
                        "x": 2823,
                        "y": -1696
                    }
                },
                {
                    "id": "monomon",
                    "icon": "assets/icons/benches/monomon.webp",
                    "position": {
                        "x": 1371,
                        "y": -1615
                    }
                },
                {
                    "id": "temple",
                    "icon": "assets/icons/benches/temple_dreamers.webp",
                    "position": {
                        "x": 2010,
                        "y": -2133
                    }
                }
            ]
        },
        {
            "id": "grubs",
            "name": "Grubs",
            "icon": "assets/icons/groups/grub.webp",
            "icons": [
                {
                    "id": "grub_1",
                    "icon": "assets/icons/benches/grub.webp",
                    "position": {
                        "x": 1070,
                        "y": -2236
                    }
                },
                {
                    "id": "grub_2",
                    "icon": "assets/icons/benches/grub.webp",
                    "position": {
                        "x": 799,
                        "y": -2112
                    }
                },
                {
                    "id": "grub_3",
                    "icon": "assets/icons/benches/grub.webp",
                    "position": {
                        "x": 609,
                        "y": -1791
                    }
                },
                {
                    "id": "grub_4",
                    "icon": "assets/icons/benches/grub.webp",
                    "position": {
                        "x": 864,
                        "y": -1749
                    }
                },
                {
                    "id": "grub_5",
                    "icon": "assets/icons/benches/grub.webp",
                    "position": {
                        "x": 265,
                        "y": -1666
                    }
                },
                {
                    "id": "grub_6",
                    "icon": "assets/icons/benches/grub.webp",
                    "position": {
                        "x": 599,
                        "y": -1394
                    }
                },
                {
                    "id": "grub_7",
                    "icon": "assets/icons/benches/grub.webp",
                    "position": {
                        "x": 61,
                        "y": -979
                    }
                },
                {
                    "id": "grub_8",
                    "icon": "assets/icons/benches/grub.webp",
                    "position": {
                        "x": 630,
                        "y": -865
                    }
                },
                {
                    "id": "grub_9",
                    "icon": "assets/icons/benches/grub.webp",
                    "position": {
                        "x": 1019,
                        "y": -729
                    }
                },
                {
                    "id": "grub_10",
                    "icon": "assets/icons/benches/grub.webp",
                    "position": {
                        "x": 1052,
                        "y": -925
                    }
                },
                {
                    "id": "grub_11",
                    "icon": "assets/icons/benches/grub.webp",
                    "position": {
                        "x": 1385,
                        "y": -1192
                    }
                },
                {
                    "id": "grub_12",
                    "icon": "assets/icons/benches/grub.webp",
                    "position": {
                        "x": 1251,
                        "y": -1300
                    }
                },
                {
                    "id": "grub_13",
                    "icon": "assets/icons/benches/grub.webp",
                    "position": {
                        "x": 1331,
                        "y": -1617
                    }
                },
                {
                    "id": "grub_14",
                    "icon": "assets/icons/benches/grub.webp",
                    "position": {
                        "x": 1319,
                        "y": -1836
                    }
                },
                {
                    "id": "grub_15",
                    "icon": "assets/icons/benches/grub.webp",
                    "position": {
                        "x": 1382,
                        "y": -1943
                    }
                },
                {
                    "id": "grub_16",
                    "icon": "assets/icons/benches/grub.webp",
                    "position": {
                        "x": 2060,
                        "y": -2170
                    }
                },
                {
                    "id": "grub_17",
                    "icon": "assets/icons/benches/grub.webp",
                    "position": {
                        "x": 2337,
                        "y": -2110
                    }
                },
                {
                    "id": "grub_18",
                    "icon": "assets/icons/benches/grub.webp",
                    "position": {
                        "x": 1848,
                        "y": -2064
                    }
                },
                {
                    "id": "grub_19",
                    "icon": "assets/icons/benches/grub.webp",
                    "position": {
                        "x": 2163,
                        "y": -1979
                    }
                },
                {
                    "id": "grub_20",
                    "icon": "assets/icons/benches/grub.webp",
                    "position": {
                        "x": 2217,
                        "y": -1918
                    }
                },
                {
                    "id": "grub_21",
                    "icon": "assets/icons/benches/grub.webp",
                    "position": {
                        "x": 1503,
                        "y": -1893
                    }
                },
                {
                    "id": "grub_22",
                    "icon": "assets/icons/benches/grub.webp",
                    "position": {
                        "x": 2283,
                        "y": -1509
                    }
                },
                {
                    "id": "grub_23",
                    "icon": "assets/icons/benches/grub.webp",
                    "position": {
                        "x": 1652,
                        "y": -1381
                    }
                },
                {
                    "id": "grub_24",
                    "icon": "assets/icons/benches/grub.webp",
                    "position": {
                        "x": 2324,
                        "y": -989
                    }
                },
                {
                    "id": "grub_25",
                    "icon": "assets/icons/benches/grub.webp",
                    "position": {
                        "x": 2327,
                        "y": -687
                    }
                },
                {
                    "id": "grub_26",
                    "icon": "assets/icons/benches/grub.webp",
                    "position": {
                        "x": 1983,
                        "y": -639
                    }
                },
                {
                    "id": "grub_27",
                    "icon": "assets/icons/benches/grub.webp",
                    "position": {
                        "x": 2512,
                        "y": -1311
                    }
                },
                {
                    "id": "grub_28",
                    "icon": "assets/icons/benches/grub.webp",
                    "position": {
                        "x": 3156,
                        "y": -2378
                    }
                },
                {
                    "id": "grub_29",
                    "icon": "assets/icons/benches/grub.webp",
                    "position": {
                        "x": 2661,
                        "y": -2217
                    }
                },
                {
                    "id": "grub_30",
                    "icon": "assets/icons/benches/grub.webp",
                    "position": {
                        "x": 2827,
                        "y": -2217
                    }
                },
                {
                    "id": "grub_31",
                    "icon": "assets/icons/benches/grub.webp",
                    "position": {
                        "x": 2580,
                        "y": -2122
                    }
                },
                {
                    "id": "grub_32",
                    "icon": "assets/icons/benches/grub.webp",
                    "position": {
                        "x": 2713,
                        "y": -2088
                    }
                },
                {
                    "id": "grub_33",
                    "icon": "assets/icons/benches/grub.webp",
                    "position": {
                        "x": 3079,
                        "y": -2084
                    }
                },
                {
                    "id": "grub_34",
                    "icon": "assets/icons/benches/grub.webp",
                    "position": {
                        "x": 3311,
                        "y": -1836
                    }
                },
                {
                    "id": "grub_35",
                    "icon": "assets/icons/benches/grub.webp",
                    "position": {
                        "x": 2761,
                        "y": -1375
                    }
                },
                {
                    "id": "grub_36",
                    "icon": "assets/icons/benches/grub.webp",
                    "position": {
                        "x": 3353,
                        "y": -1313
                    }
                },
                {
                    "id": "grub_37",
                    "icon": "assets/icons/benches/grub.webp",
                    "position": {
                        "x": 3374,
                        "y": -1310
                    }
                },
                {
                    "id": "grub_38",
                    "icon": "assets/icons/benches/grub.webp",
                    "position": {
                        "x": 3395,
                        "y": -1307
                    }
                },
                {
                    "id": "grub_39",
                    "icon": "assets/icons/benches/grub.webp",
                    "position": {
                        "x": 3337,
                        "y": -1084
                    }
                },
                {
                    "id": "grub_40",
                    "icon": "assets/icons/benches/grub.webp",
                    "position": {
                        "x": 3029,
                        "y": -1119
                    }
                },
                {
                    "id": "grub_41",
                    "icon": "assets/icons/benches/grub.webp",
                    "position": {
                        "x": 3155,
                        "y": -1046
                    }
                },
                {
                    "id": "grub_42",
                    "icon": "assets/icons/benches/grub.webp",
                    "position": {
                        "x": 3162,
                        "y": -996
                    }
                },
                {
                    "id": "grub_43",
                    "icon": "assets/icons/benches/grub.webp",
                    "position": {
                        "x": 3334,
                        "y": -900
                    }
                },
                {
                    "id": "grub_44",
                    "icon": "assets/icons/benches/grub.webp",
                    "position": {
                        "x": 3668,
                        "y": -891
                    }
                },
                {
                    "id": "grub_45",
                    "icon": "assets/icons/benches/grub.webp",
                    "position": {
                        "x": 4152,
                        "y": -880
                    }
                },
                {
                    "id": "grub_46",
                    "icon": "assets/icons/benches/grub.webp",
                    "position": {
                        "x": 3779,
                        "y": -1091
                    }
                }
            ]
        },
        {
            "id": "whispering_root",
            "name": "Whispering Root",
            "icon": "assets/icons/groups/whisperin_root.webp",
            "icons": [
                {
                    "id": "whispering_root_1",
                    "icon": "assets/icons/benches/whisperin_root.webp",
                    "position": {
                        "x": 879,
                        "y": -2251
                    }
                },
                {
                    "id": "whispering_root_2",
                    "icon": "assets/icons/benches/whisperin_root.webp",
                    "position": {
                        "x": 685,
                        "y": -1755
                    }
                },
                {
                    "id": "whispering_root_3",
                    "icon": "assets/icons/benches/whisperin_root.webp",
                    "position": {
                        "x": 944,
                        "y": -1345
                    }
                },
                {
                    "id": "whispering_root_4",
                    "icon": "assets/icons/benches/whisperin_root.webp",
                    "position": {
                        "x": 502,
                        "y": -827
                    }
                },
                {
                    "id": "whispering_root_5",
                    "icon": "assets/icons/benches/whisperin_root.webp",
                    "position": {
                        "x": 1641,
                        "y": -1217
                    }
                },
                {
                    "id": "whispering_root_6",
                    "icon": "assets/icons/benches/whisperin_root.webp",
                    "position": {
                        "x": 1689,
                        "y": -1627
                    }
                },
                {
                    "id": "whispering_root_7",
                    "icon": "assets/icons/benches/whisperin_root.webp",
                    "position": {
                        "x": 1736,
                        "y": -2115
                    }
                },
                {
                    "id": "whispering_root_8",
                    "icon": "assets/icons/benches/whisperin_root.webp",
                    "position": {
                        "x": 1821,
                        "y": -1975
                    }
                },
                {
                    "id": "whispering_root_9",
                    "icon": "assets/icons/benches/whisperin_root.webp",
                    "position": {
                        "x": 2236,
                        "y": -1457
                    }
                },
                {
                    "id": "whispering_root_10",
                    "icon": "assets/icons/benches/whisperin_root.webp",
                    "position": {
                        "x": 2831,
                        "y": -812
                    }
                },
                {
                    "id": "whispering_root_11",
                    "icon": "assets/icons/benches/whisperin_root.webp",
                    "position": {
                        "x": 3671,
                        "y": -722
                    }
                },
                {
                    "id": "whispering_root_12",
                    "icon": "assets/icons/benches/whisperin_root.webp",
                    "position": {
                        "x": 3521,
                        "y": -1212
                    }
                },
                {
                    "id": "whispering_root_13",
                    "icon": "assets/icons/benches/whisperin_root.webp",
                    "position": {
                        "x": 3211,
                        "y": -1945
                    }
                },
                {
                    "id": "whispering_root_14",
                    "icon": "assets/icons/benches/whisperin_root.webp",
                    "position": {
                        "x": 3441,
                        "y": -2087
                    }
                },
                {
                    "id": "whispering_root_15",
                    "icon": "assets/icons/benches/whisperin_root.webp",
                    "position": {
                        "x": 2964,
                        "y": -2385
                    }
                }
            ]
        },
        {
            "id": "warrior_grave",
            "name": "Warrior Grave",
            "icon": "assets/icons/groups/warrior_grave.webp",
            "icons": [
                {
                    "id": "warrior_grave_1",
                    "icon": "assets/icons/benches/warrior_grave.webp",
                    "position": {
    "x": 1076,
    "y": -2465
}
                },
                {
                    "id": "warrior_grave_2",
                    "icon": "assets/icons/benches/warrior_grave.webp",
                    "position": {
    "x": 456,
    "y": -1439
}
                },
                {
                    "id": "warrior_grave_3",
                    "icon": "assets/icons/benches/warrior_grave.webp",
                    "position": {
    "x": 723,
    "y": -961
}
                },
                {
                    "id": "warrior_grave_4",
                    "icon": "assets/icons/benches/warrior_grave.webp",
                    "position": {
    "x": 1435,
    "y": -1785
}
                },
                {
                    "id": "warrior_grave_5",
                    "icon": "assets/icons/benches/warrior_grave.webp",
                    "position": {
    "x": 2030,
    "y": -1455
}
                },
                {
                    "id": "warrior_grave_6",
                    "icon": "assets/icons/benches/warrior_grave.webp",
                    "position": {
    "x": 2932,
    "y": -1874
}
                },
                {
                    "id": "warrior_grave_7",
                    "icon": "assets/icons/benches/warrior_grave.webp",
                    "position": {
    "x": 3874,
    "y": -1032
}
                }
            ]
        }
    ]
}