{
    "groups": [
        {
            "id": "benches",
            "name": "Benches",
            "icon": "assets/icons/groups/bench.webp",
            "icons": [
                {
                    "id": "bench_1",
                    "icon": "assets/icons/benches/bench.webp",
                    "position": {
    "x": 358,
    "y": -2065
}
                },
                {
                    "id": "bench_2",
                    "icon": "assets/icons/benches/bench.webp",
                    "position": {
    "x": 259,
    "y": -1862
}
                },
                {
                    "id": "bench_3",
                    "icon": "assets/icons/benches/bench.webp",
                    "position": {
    "x": 86,
    "y": -954
}
                },
                {
                    "id": "bench_4",
                    "icon": "assets/icons/benches/bench.webp",
                    "position": {
    "x": 485,
    "y": -1338
}
                },
                {
                    "id": "bench_5",
                    "icon": "assets/icons/benches/bench.webp",
                    "position": {
    "x": 626,
    "y": -1447
}
                },
                {
                    "id": "bench_6",
                    "icon": "assets/icons/benches/bench.webp",
                    "position": {
    "x": 670,
    "y": -2048
}
                },
                {
                    "id": "bench_7",
                    "icon": "assets/icons/benches/bench.webp",
                    "position": {
    "x": 847,
    "y": -1960
}
                },
                {
                    "id": "bench_8",
                    "icon": "assets/icons/benches/bench.webp",
                    "position": {
    "x": 901,
    "y": -1483
}
                },
                {
                    "id": "bench_9",
                    "icon": "assets/icons/benches/bench.webp",
                    "position": {
    "x": 1108,
    "y": -1101
}
                },
                {
                    "id": "bench_10",
                    "icon": "assets/icons/benches/bench.webp",
                    "position": {
    "x": 1194,
    "y": -744
}
                },
                {
                    "id": "bench_11",
                    "icon": "assets/icons/benches/bench.webp",
                    "position": {
    "x": 1278,
    "y": -1359
}
                },
                {
                    "id": "bench_12",
                    "icon": "assets/icons/benches/bench.webp",
                    "position": {
    "x": 1356,
    "y": -1587
}
                },
                {
                    "id": "bench_13",
                    "icon": "assets/icons/benches/bench.webp",
                    "position": {
    "x": 1323,
    "y": -1810
}
                },
                {
                    "id": "bench_14",
                    "icon": "assets/icons/benches/bench.webp",
                    "position": {
    "x": 1210,
    "y": -2066
}
                },
                {
                    "id": "bench_15",
                    "icon": "assets/icons/benches/bench.webp",
                    "position": {
    "x": 1175,
    "y": -2424
}
                },
                {
                    "id": "bench_16",
                    "icon": "assets/icons/benches/bench.webp",
                    "position": {
    "x": 1762,
    "y": -1092
}
                },
                {
                    "id": "bench_17",
                    "icon": "assets/icons/benches/bench.webp",
                    "position": {
    "x": 1880,
    "y": -1066
}
                },
                {
                    "id": "bench_18",
                    "icon": "assets/icons/benches/bench.webp",
                    "position": {
    "x": 1860,
    "y": -1628
}
                },
                {
                    "id": "bench_19",
                    "icon": "assets/icons/benches/bench.webp",
                    "position": {
    "x": 2219,
    "y": -1550
}
                },
                {
                    "id": "bench_20",
                    "icon": "assets/icons/benches/bench.webp",
                    "position": {
    "x": 2245,
    "y": -1232
}
                },
                {
                    "id": "bench_21",
                    "icon": "assets/icons/benches/bench.webp",
                    "position": {
    "x": 1813,
    "y": -1969
}
                },
                {
                    "id": "bench_22",
                    "icon": "assets/icons/benches/bench.webp",
                    "position": {
    "x": 1925,
    "y": -1900
}
                },
                {
                    "id": "bench_23",
                    "icon": "assets/icons/benches/bench.webp",
                    "position": {
    "x": 2127,
    "y": -1908
}
                },
                {
                    "id": "bench_24",
                    "icon": "assets/icons/benches/bench.webp",
                    "position": {
    "x": 1781,
    "y": -2192
}
                },
                {
                    "id": "bench_25",
                    "icon": "assets/icons/benches/bench.webp",
                    "position": {
    "x": 2624,
    "y": -2291
}
                },
                {
                    "id": "bench_26",
                    "icon": "assets/icons/benches/bench.webp",
                    "position": {
    "x": 2668,
    "y": -1959
}
                },
                {
                    "id": "bench_27",
                    "icon": "assets/icons/benches/bench.webp",
                    "position": {
    "x": 2452,
    "y": -1803
}
                },
                {
                    "id": "bench_28",
                    "icon": "assets/icons/benches/bench.webp",
                    "position": {
    "x": 2360,
    "y": -961
}
                },
                {
                    "id": "bench_29",
                    "icon": "assets/icons/benches/bench.webp",
                    "position": {
    "x": 2401,
    "y": -563
}
                },
                {
                    "id": "bench_30",
                    "icon": "assets/icons/benches/bench.webp",
                   "position": {
    "x": 2993,
    "y": -584
}
                },
                {
                    "id": "bench_31",
                    "icon": "assets/icons/benches/bench.webp",
                    "position": {
    "x": 3383,
    "y": -700
}
                },
                {
                    "id": "bench_32",
                    "icon": "assets/icons/benches/bench.webp",
                    "position": {
    "x": 3243,
    "y": -1146
}
                },
                {
                    "id": "bench_33",
                    "icon": "assets/icons/benches/bench.webp",
                    "position": {
    "x": 3049,
    "y": -1447
}
                },
                {
                    "id": "bench_34",
                    "icon": "assets/icons/benches/bench.webp",
                    "position": {
    "x": 3438,
    "y": -1545
}
                },
                {
                    "id": "bench_35",
                    "icon": "assets/icons/benches/bench.webp",
                    "position": {
    "x": 3444,
    "y": -1869
}
                },
                {
                    "id": "bench_36",
                    "icon": "assets/icons/benches/bench.webp",
                    "position": {
                        "x": 265,
                        "y": -1866
                    }
                },
                {
                    "id": "bench_37",
                    "icon": "assets/icons/benches/bench.webp",
                    "position": {
    "x": 3444,
    "y": -1869
}
                },
                {
                    "id": "bench_38",
                    "icon": "assets/icons/benches/bench.webp",
                    "position": {
    "x": 4074,
    "y": -976
}
                },
                {
                    "id": "bench_39",
                    "icon": "assets/icons/benches/bench.webp",
                    "position": {
    "x": 3781,
    "y": -1234
}
                },
                {
                    "id": "bench_40",
                    "icon": "assets/icons/benches/bench.webp",
                    "position": {
    "x": 3293,
    "y": -1957
}
                },
                {
                    "id": "bench_41",
                    "icon": "assets/icons/benches/bench.webp",
                    "position": {
    "x": 2671,
    "y": -1262
}
                }
            ]
        }
    ]
}