{
  "bosses": [
    {
      "name": "Uumuu",
      "icon": "assets/bosses/icons/uumuu.webp",
      "image": "assets/bosses/images/uumuu.webp",
      "type": "main",
      "description_id": "uumuu"
    },
    {
      "name": "Vengefly King",
      "icon": "assets/bosses/icons/rey_vengamosca.webp",
      "image": "assets/bosses/images/rey_vengamosca.webp",
      "type": "main",
      "description_id": "rey_vengamosca"
    },
    {
      "name": "Watcher Knight",
      "icon": "assets/bosses/icons/caballero_vigia.webp",
      "image": "assets/bosses/images/caballero_vigia.webp",
      "type": "main",
      "description_id": "caballero_vigia"
    },
    {
      "name": "Zote",
      "icon": "assets/bosses/icons/zote.webp",
      "image": "assets/bosses/images/zote.webp",
      "type": "main",
      "description_id": "zote"
    },
    {
      "name": "Radiance",
      "icon": "assets/bosses/icons/el_destello.webp",
      "image": "assets/bosses/images/el_destello.webp",
      "type": "main",
      "description_id": "el_destello"
    },
    {
      "name": "Soul Master",
      "icon": "assets/bosses/icons/maestro_de_almas.webp",
      "image": "assets/bosses/images/maestro_de_almas.webp",
      "type": "main",
      "description_id": "maestro_de_almas"
    },
    {
      "name": "Soul Warrior",
      "icon": "assets/bosses/icons/guerrero_del_alma.webp",
      "image": "assets/bosses/images/guerrero_del_alma.webp",
      "type": "main",
      "description_id": "guerrero_del_alma"
    },
    {
      "name": "Traitor Lord",
      "icon": "assets/bosses/icons/senor_desleal.webp",
      "image": "assets/bosses/images/senor_desleal.webp",
      "type": "main",
      "description_id": "senor_desleal"
    },
    {
      "name": "Massive Moss Charger",
      "icon": "assets/bosses/icons/musgoagresor_gigante.webp",
      "image": "assets/bosses/images/musgoagresor_gigante.webp",
      "type": "main",
      "description_id": "musgoagresor_gigante"
    },
    {
      "name": "Nosk",
      "icon": "assets/bosses/icons/nosk.webp",
      "image": "assets/bosses/images/nosk.webp",
      "type": "main",
      "description_id": "nosk"
    },
    {
      "name": "Oblobbles",
      "icon": "assets/bosses/icons/oblobble.webp",
      "image": "assets/bosses/images/oblobble.webp",
      "type": "main",
      "description_id": "oblobble"
    },
    {
      "name": "Paintmaster Sheo",
      "icon": "assets/bosses/icons/maestro_de_pintura_sheo.webp",
      "image": "assets/bosses/images/maestro_de_pintura_sheo.webp",
      "type": "dlc",
      "description_id": "maestro_de_pintura_sheo"
    },
    {
      "name": "Hive Knight",
      "icon": "assets/bosses/icons/caballero_colmena.webp",
      "image": "assets/bosses/images/caballero_colmena.webp",
      "type": "dlc",
      "description_id": "caballero_colmena"
    },
    {
      "name": "Hollow Knight",
      "icon": "assets/bosses/icons/hollow_knight.webp",
      "image": "assets/bosses/images/hollow_knight.webp",
      "type": "main",
      "description_id": "hollow_knight"
    },
    {
      "name": "Hornet Protector",
      "icon": "assets/bosses/icons/hornet.webp",
      "image": "assets/bosses/images/hornet.webp",
      "type": "main",
      "description_id": "hornet"
    },
    {
      "name": "Mantis Lords",
      "icon": "assets/bosses/icons/senores_mantis.webp",
      "image": "assets/bosses/images/senores_mantis.webp",
      "type": "main",
      "description_id": "senores_mantis"
    },
    {
      "name": "God Tamer",
      "icon": "assets/bosses/icons/domador_de_dioses.webp",
      "image": "assets/bosses/images/domador_de_dioses.webp",
      "type": "main",
      "description_id": "domador_de_dioses"
    },
    {
      "name": "Great Nailsage Sly",
      "icon": "assets/bosses/icons/gran_sabio_del_aguijon_sly.webp",
      "image": "assets/bosses/images/gran_sabio_del_aguijon_sly.webp",
      "type": "dlc",
      "description_id": "gran_sabio_del_aguijon_sly"
    },
    {
      "name": "Grimm",
      "icon": "assets/bosses/icons/grimm.webp",
      "image": "assets/bosses/images/grimm.webp",
      "type": "dlc",
      "description_id": "grimm"
    },
    {
      "name": "Gruz Mother",
      "icon": "assets/bosses/icons/madre_gruz.webp",
      "image": "assets/bosses/images/madre_gruz.webp",
      "type": "main",
      "description_id": "madre_gruz"
    },
    {
      "name": "Crystal Guardian",
      "icon": "assets/bosses/icons/guardian_de_cristal.webp",
      "image": "assets/bosses/images/guardian_de_cristal.webp",
      "type": "main",
      "description_id": "guardian_de_cristal"
    },
    {
      "name": "Dung Defender",
      "icon": "assets/bosses/icons/defensor_del_estiercol.webp",
      "image": "assets/bosses/images/defensor_del_estiercol.webp",
      "type": "main",
      "description_id": "defensor_del_estiercol"
    },
    {
      "name": "False Knight",
      "icon": "assets/bosses/icons/false_knight.webp",
      "image": "assets/bosses/images/false_knight.webp",
      "type": "main",
      "description_id": "false_knight"
    },
    {
      "name": "Flukemarm",
      "icon": "assets/bosses/icons/tremarmita.webp",
      "image": "assets/bosses/images/tremarmita.webp",
      "type": "main",
      "description_id": "tremarmita"
    },
    {
      "name": "Broken Vessel",
      "icon": "assets/bosses/icons/receptaculo_roto.webp",
      "image": "assets/bosses/images/receptaculo_roto.webp",
      "type": "main",
      "description_id": "receptaculo_roto"
    },
    {
      "name": "Brooding Mawlek",
      "icon": "assets/bosses/icons/mawlek_incubador.webp",
      "image": "assets/bosses/images/mawlek_incubador.webp",
      "type": "main",
      "description_id": "mawlek_incubador"
    },
    {
      "name": "Brothers Oro & Mato",
      "icon": "assets/bosses/icons/hermanos_oro_y_mato.webp",
      "image": "assets/bosses/images/hermanos_oro_y_mato.webp",
      "type": "dlc",
      "description_id": "hermanos_oro_y_mato"
    },
    {
      "name": "The Collector",
      "icon": "assets/bosses/icons/el_coleccionista.webp",
      "image": "assets/bosses/images/el_coleccionista.webp",
      "type": "main",
      "description_id": "el_coleccionista"
    },
    {
      "name": "Marmu",
      "icon": "assets/bosses/icons/marmu.webp",
      "image": "assets/bosses/images/marmu.webp",
      "type": "dream",
      "description_id": "marmu"
    },
    {
      "name": "No Eyes",
      "icon": "assets/bosses/icons/sin_ojos.webp",
      "image": "assets/bosses/images/sin_ojos.webp",
      "type": "dream",
      "description_id": "sin_ojos"
    },
    {
      "name": "Xero",
      "icon": "assets/bosses/icons/xero.webp",
      "image": "assets/bosses/images/xero.webp",
      "type": "dream",
      "description_id": "xero"
    },
    {
      "name": "Elder Hu",
      "icon": "assets/bosses/icons/anciano_hu.webp",
      "image": "assets/bosses/images/anciano_hu.webp",
      "type": "dream",
      "description_id": "anciano_hu"
    },
    {
      "name": "Galien",
      "icon": "assets/bosses/icons/galien.webp",
      "image": "assets/bosses/images/galien.webp",
      "type": "dream",
      "description_id": "galien"
    },
    {
      "name": "Gorb",
      "icon": "assets/bosses/icons/gorb.webp",
      "image": "assets/bosses/images/gorb.webp",
      "type": "dream",
      "description_id": "gorb"
    },
    {
      "name": "Markoth",
      "icon": "assets/bosses/icons/markoth.webp",
      "image": "assets/bosses/images/markoth.webp",
      "type": "dream",
      "description_id": "markoth"
    }
  ]
}