{
  "senor_desleal": "Lore:  \nThis being is an ancient warrior betrayed by those who once swore loyalty to him. Now, corrupted and resentful, he is trapped in an eternal state of rage and vengeance. His current form reflects both his skill and bitterness, making him a formidable foe who fights with dexterity and aggression.\n\nStrategies:  \n- This boss uses fast, versatile sword attacks. Carefully observe its movements to dodge accurately.  \n- It performs long dashes that quickly cross the battlefield. It’s important to sidestep these and maintain proper distance.  \n- As the fight progresses, its attacks become faster and harder to predict. Stay calm and focus on reading its patterns.  \n- Take advantage of moments when it recovers from a missed attack to counter with quick, effective strikes.  \n- Keep moving constantly to avoid being trapped by its dashes or chained movements.",
  "maestro_de_almas": "Lore:  \nThe Soul Master is one of the more challenging bosses, tied to the magical practices of Hallownest. He is an experienced user of the power of Soul, a vital force for the inhabitants of the kingdom, and becomes a crucial figure in the Knight's story. The Soul Master can be found in the Soul Sanctum, where he has transformed his body into a monstrous form by experimenting with Soul power excessively. His obsession with perfection led him to lose himself in the corruption of that power.\n\nStrategies:  \n- The Soul Master has a highly dynamic attack pattern, using both magic and physical attacks with his nail.  \n- During the first phase, the Soul Master moves around the arena, shooting soul projectiles in various directions. It’s crucial to dodge these projectiles while trying to get in close to deal damage.  \n- He also summons soul orbs that circle around him, which can be destroyed, but be careful not to get hit while doing so.  \n- In the second phase, the Soul Master becomes more aggressive, using a rapid dash attack and other unpredictable movements.  \n- Take advantage of the openings in his attacks to deal damage, but stay alert, as he can quickly change up his strategy and surprise you with a fast strike.  \n- The fight requires patience and precision, so stay focused and use the moments between his attacks to heal if necessary.",
  "madre_gruz": "Lore:  \nMother Gruz is one of the simplest and most accessible bosses, but her story remains intriguing. She is a giant, insect-like, loving creature who has lost her brood and fights to protect what remains of her offspring. This battle takes place in the Gruz Mother’s Cavern, where the mother defends her family at all costs, trying to restore balance in her broken world. She is not a malicious creature but a mother doing what’s necessary to survive and protect her kin.\n\nStrategies:  \n- The fight against Mother Gruz is relatively simple. Her main attack involves throwing eggs that hatch into Gruzlings.  \n- At the start of the fight, Mother Gruz will jump toward the Knight and perform a body slam attack.  \n- Take advantage of the time after her attacks to strike her. Her attack pattern is straightforward: she moves in a straight line and prepares to jump.  \n- The Gruzlings can make the fight a bit more complicated, but you can quickly take them out to keep the focus on Mother Gruz.  \n- Be careful of her jumps, as they deal damage if they hit you, but they are easy to dodge with quick reflexes.",
  "hermanos_oro_y_mato": "Lore:  \nThe Brothers Oro and Mato are two warriors who have been corrupted by the Infection. Originally protectors of Hallownest, their souls were sealed within their own bodies in an attempt to preserve their memories. Now, these two warriors fight together against the Knight in a coordinated battle. Their battle symbolizes the sacrifice and suffering of Hallownest.\n\nStrategies:  \n- Oro and Mato fight as a unit, making the battle more challenging. One is more aggressive in its attacks, while the other stays on the defensive, providing support.  \n- Oro (the bigger brother) uses a massive hammer to strike the Knight, while Mato (the smaller brother) launches soul projectiles.  \n- Make sure to maintain a good distance from Oro when he tries to crush you with his hammer.  \n- Take advantage of the openings in Mato’s attacks to close the gap and counterattack, as Mato tends to keep its distance.  \n- Dodge their coordinated attacks, as when both brothers strike together, they cover many areas of the arena. Take advantage of moments when one of them stops for a longer attack to deal damage.",
  "mawlek_incubador": "Lore:  \nMawlek, the Incubator, is an optional boss, located in *Crystal Peak*, specifically in *Mawlek's Lair*. This creature, often seen as a mother or guardian figure, plays a key role in the biology of Hallownest. Mawlek is tied to one of the many legends about the creation and life cycle of insects in the kingdom. As its name suggests, Mawlek is an incubator, feeding off the life force of other beings and using its egg-laying ability to create new creatures. In the battle, Mawlek shows a mix of agility and power, capable of summoning smaller insects to fight alongside it.\n\nStrategies:  \n- Mawlek is characterized by its quick and aggressive combat style. In the early phases of the battle, it focuses on quickly moving around the arena and launching attacks with its nail.  \n- The boss has an ability to summon small insects during the fight. These insects are annoying but usually don't pose a huge threat. Make sure to eliminate them quickly so you can focus on Mawlek.  \n- At certain points, Mawlek will rise into the air and then launch bouncing projectiles across the room. It is crucial that you master movement and jumping to dodge these projectiles.  \n- The key to defeating Mawlek is to remain calm. While its attacks are quick and can catch you off guard, the attack pattern is predictable. Keep moving and take advantage of the pauses between its attacks to counterattack.",
  "hornet": "Lore:  \nHornet is one of the key figures in the story. She is the daughter of the Queen of Hallownest and has a deep connection to the Void, making her a central character in the plot. Hornet serves as the protector of Hallownest, guarding the realm and maintaining balance in the land. Her story is marked by a quest to protect her people and find her place in the world, and her battle with the Knight is both a test of strength and destiny.\n\nStrategies:  \n- Hornet is agile and fast, and her combat relies on quick attacks and jumps.  \n- Her most dangerous move is the \"jump and strike,\" where she jumps and attacks with her stinger, requiring good dodging timing.  \n- She uses her \"thread net\" ability to swing across the arena and attack from a distance. To avoid this, stay alert to her movements and use the Knight's mobility to dodge and counterattack.  \n- Hornet has a fluid attack pattern, and while she is very aggressive, there are moments where she pauses, giving you opportunities to strike.  \n- If you are patient and learn to anticipate her movements, the fight will become more manageable. Stay calm and take advantage of the openings in her attack pattern.",
  "tremarmita": "Lore:  \nTremarmita is a formidable creature dwelling in the darkest depths of Hallownest. Once a loyal guardian, it was corrupted by unknown forces, transforming into an entity of pure destruction. Its presence poisons the surrounding environment, and its power unleashes earthquakes that shake the ground with each attack.\n\nStrategies:  \n- Its attacks cause tremors in the terrain. Maintain balance and dodge movements that create tremors.\n- Use jump abilities to avoid mid-range attacks and maintain mobility.\n- When Tremarmita prepares a powerful attack, seek shelter behind structures on the battlefield to reduce damage.\n- Attack during its recovery phases when the creature is slower and vulnerable.\n- Observe its movement patterns to anticipate and counter its seismic charges.",
  "caballero_vigia": "Lore:  \nThe Watcher Knights are ancient mechanical guardians tasked with protecting the Watcher’s Spire and the Dreamer Lurien. They were originally living knights, but after their deaths, they were turned into constructs animated through mechanisms and magical materials. Now, they serve as the final line of defense before reaching the Dreamer.\n\nStrategies:  \n- In the fight, you start against one Knight, but more will join over time, up to a total of six.  \n- Focus on defeating them quickly to avoid being overwhelmed.  \n- Their common attacks include rolling toward you and diving from the air. Keep moving and look for openings to dodge.  \n- Strike after they finish their rolling movement or after dodging their dive.  \n- Charged attacks can be effective if you have time between their patterns.",
  "rey_vengamosca": "Lore:  \nThis creature is a larger, more aggressive version of common Vengeflies. As one of the dominant predators in its ecosystem, it uses its speed and agility to defend its territory and attack intruders. It is deeply influenced by the infection, which makes it even more fierce and determined to eliminate any threat.\n\nStrategies:  \n- This boss is characterized by its rapid aerial movements and charges aimed at the player. Keep an eye on its position and anticipate its moves to dodge them precisely.  \n- It can perform consecutive charges and shoot projectiles. Stay in constant motion to avoid being hit.  \n- The best opportunity to attack is when it finishes one of its charges and briefly hovers in the air before its next move.  \n- Use ranged attacks, if possible, to minimize the risk of direct contact with the boss.  \n- Avoid staying too close to walls, as the boss can trap you there with its rapid charges.",
  "oblobble": "Lore:  \nThis enemy is a floating, corrupted creature, formed by the infestation consuming Hallownest. Its explosive nature and erratic movement make it dangerous, especially in tight spaces. Although it is not physically imposing, its ability to fire projectiles and move unpredictably makes it a challenging foe for the unprepared.\n\nStrategies:  \n- This boss is characterized by firing explosive projectiles that scatter in multiple directions upon impact. Keep your distance and pay attention to the trajectory of the shots.  \n- Its movement is floating and erratic, so it’s important to anticipate its motions and strike when it’s closest.  \n- Try to attack from a safe position and stay in constant motion to avoid getting trapped between its attacks.  \n- If surrounded by projectiles, prioritize dodging before attempting to strike. Patience is key in this encounter.  \n- Use the openings between its attacks to land precise hits and eliminate it quickly.",
  "domador_de_dioses": "Lore:  \nThe God Tamer is a formidable warrior appearing in the Colosseum of Fools. This combatant has trained a powerful beast that fights alongside them in a fierce combination of coordinated attacks. While their title suggests a divine connection, it is more likely a reference to their mastery over the beast companion.\n\nStrategies:  \n- The fight involves facing both the God Tamer and their beast. Focus on eliminating one first to reduce the pressure.  \n- The beast performs quick charges and leaps. Stay mobile and alert to its patterns.  \n- The God Tamer attacks by throwing projectiles at close range. Dodge and take advantage of the moments when they are vulnerable after attacking.  \n- Once one of them is defeated, the fight becomes more manageable. If you choose to focus on the beast first, dodge the Tamer's attacks while quickly dealing damage to the beast.",
  "galien": "Lore:  \nGalien was a warrior who sought glory and perfection in combat. His obsession with proving his worth led to a premature death at the edges of Hallownest. Even after his demise, his spirit lingers in the Resting Grounds, trapped by his unfulfilled ambitions. While honorable, his arrogance and pride are evident in his words.\n\nStrategies:  \n- Galien summons a large spectral scythe that spins around him. Stay away from its trajectory while attacking.  \n- During the fight, smaller scythes will appear and move erratically. Focus on dodging while finding opportunities to strike.  \n- Stay mobile and look for safe spaces between the scythes to attack safely.  \n- Use ranged abilities if you find it difficult to approach, but make sure not to get trapped in his attack zone.",
  "zote": "Lore:  \nZote the Mighty is a boastful knight who has traveled across Hallownest in search of glory and recognition. Despite not being the most skilled warrior, his unwavering determination has led him to confront powerful adversaries. His arrogance and lack of experience often land him in precarious situations, making him an unexpectedly challenging opponent for those who underestimate his perseverance.\n\nStrategies:  \n- Observe his attack patterns to anticipate his charges and dodge them accurately.\n- Capitalize on his brief moments of vulnerability after his attacks to deal significant damage.\n- Maintain a mid-range distance to avoid his melee attacks and use projectiles if available.\n- Be patient and do not be intimidated by his aggressive moves; focus on consistent and well-timed strikes.\n- Utilize the environment to your advantage to block his charges and create opportunities for counterattacks.",
  "caballero_colmena": "Lore:  \nThe Hive Knight is the loyal protector of the Hive Queen. He is deeply devoted to his duty, willing to sacrifice everything for his sovereign. Although the Hive has become isolated from the rest of Hallownest, this knight maintains his oath and fights fiercely to protect his home and queen.\n\nStrategies:  \n- Watch out for his quick dashes: he can charge at you with great speed. Dodge backward or use precise movements to evade him.  \n- His stinger attacks leave honey trails on the ground. Avoid these areas until they disappear.  \n- Take advantage of the moments when he pauses after an attack to deal damage.  \n- Use offensive abilities during openings, especially when he pauses after dashes.",
  "sin_ojos": "Lore:  \nThis dark entity resides in the shadowy depths where light barely penetrates. Its presence instills fear in those who dare to venture into its territory, and its movements are unpredictable and terrifying. In its current form, it emanates a dark energy that reflects its vengeful and destructive nature.\n\nStrategies:  \n- Employs swift and surprise attacks from the shadows. Maintain constant vigilance to anticipate its movements.\n- Emits dark energy waves that require precise dodging.\n- Summons lesser minions to overwhelm the player. Prioritize eliminating them quickly.\n- Capitalize on moments after its attacks to deal significant damage.\n- Stay calm and manage your space to avoid getting trapped by its charges.",
  "marmu": "Lore:  \nMarmu is an optional boss, located in the *Crystal Caves*, an area filled with insects closely tied to soul and spirituality. Marmu is a creature that seems to be a mix of insect and spiritual being, and the battle takes place in an environment adorned with crystals. Marmu is considered a guardian, someone who protects something valuable, in this case, the sanctuary deep in the cave. Marmu has been a protector of the kingdom, but over time, she has fallen into despair, becoming a more violent version of herself. Her fight is a manifestation of her internal struggle and the confusion caused by the corruption affecting Hallownest.\n\nStrategies:  \n- Marmu’s attack pattern is primarily based on her ability to summon and launch energy spheres.  \n- In the first phase, she focuses on summoning energy orbs that follow a circular pattern. You must pay attention to her movements and avoid being surrounded by the orbs.  \n- At certain points, Marmu will move quickly across the arena and charge at the Knight with her nail. If you're close to her, be prepared to dodge.  \n- Marmu also launches orbs that explode at close range, dealing significant damage if not avoided. These attacks may seem easy to anticipate, but the speed at which she launches them can catch you off guard.  \n- During the second phase, Marmu becomes more aggressive, combining quick attacks with projectiles and orbs. Take advantage of the moments when Marmu pauses to attack and be ready to dodge quickly.  \n- Stay focused and use the openings between her attacks to heal, as in her more difficult phase, Marmu becomes quite hard to dodge.",
  "hollow_knight": "Lore:  \nThe Hollow Knight is the main antagonist of the game. It is the sealed form of the knight who was meant to contain the Infection within its being. This being, a shadow of the Knight, was created to be the vessel of the Void, but failed in its task and succumbed to corruption. The Hollow Knight resides in the Temple of the Void, where its fate is sealed: to fight to the end, protecting the heart of the Void, even though it has lost consciousness of its mission. The Knight faces it to take up its destiny and put an end to the Infection that consumes Hallownest.\n\nStrategies:  \n- The Hollow Knight is a straightforward boss with quick and predictable attacks. Its battle pattern revolves around a cycle of movements, including jumps, dashes, and strikes with its nail.  \n- During the battle, its nail extends toward the Knight with ranged attacks. Keep your distance, but be ready to dodge quickly.  \n- Watch out for its jump, where the Hollow Knight rises into the air and falls toward the Knight, dealing damage on landing.  \n- Take advantage of the openings after its bigger attacks (such as the dash) to deal damage.  \n- Stay calm during the more intense moments of the fight, as the Hollow Knight becomes more aggressive as its health decreases.",
  "senores_mantis": "Lore:  \nThe Mantis Lords are ancient guardian entities of the sacred forests. With agile movements and millennia-old wisdom, they protect the natural balance by confronting anyone who attempts to corrupt their domain. Their imposing appearance and lethal skills make them respected and feared adversaries.\n\nStrategies:  \n- They employ swift blade attacks and impressive leaps. Maintain a safe distance and dodge their movements with precision.\n- Perform multi-directional charges. Observe their patterns to anticipate and avoid their charges.\n- Upon taking damage, they become more aggressive and faster. Conserve your energy and attack strategically.\n- Capitalize on recovery moments after their attacks to counterattack with powerful blows.\n- Use the environment to your advantage to limit their movements and create attack opportunities.",
  "nosk": "Lore:  \nThis boss is a strange creature that dwells deep within a dark and twisted area of the kingdom. While it may appear to resemble the kingdom’s inhabitants, it is actually a corrupted manifestation of the infestation. It hides under the form of another being to lure in its prey and strike, being a perfect example of how the corruption spreads through the kingdom. Its ability to transform into a creature similar to the very inhabitants of Hallownest makes it particularly dangerous, as it tricks the unwary into approaching.\n\nStrategies:  \n- The boss is characterized by being agile and fast in its attacks. It moves quickly across the battlefield, performing jumps and charges that cover large distances.  \n- During the fight, it launches quick attacks and charges at the player, requiring constant dodging. It can also summon smaller creatures that distract and complicate the fight.  \n- The key to facing this boss is patience and controlling your movements. Its attack pattern is predictable, so you need to be aware of its charges and fast strikes.  \n- Throughout the battle, the boss tends to disappear and reappear, which can disorient the player. However, its movements usually follow a pattern, so anticipating its actions is crucial.  \n- Keep moving constantly, use your jumps to dodge its charges, and when the opportunity arises, strike quickly to reduce its health.",
  "receptaculo_roto": "Lore:  \nThis being is a failed vessel, one of the flawed attempts to contain the infection plaguing the kingdom. While its body still shows traces of the purity with which it was created, it is now corrupted and overtaken by the infection. Its decayed state and erratic movements reflect its inner struggle, making it an aggressive threat to anyone who crosses its path.\n\nStrategies:  \n- This boss is fast and uses powerful physical attacks combined with jumps and charges. It’s important to anticipate its moves to dodge effectively.  \n- It performs area attacks that cover a large portion of the ground. Watch the patterns and move to a safe zone before they hit.  \n- In later phases of the fight, it becomes more aggressive and its patterns grow less predictable. Stay calm and focus on avoiding unnecessary damage.  \n- The key to defeating it is finding attack windows between its charges. Use quick, precise strikes during these moments to maximize damage without overexposing yourself.  \n- Always keep moving to avoid getting caught in consecutive attacks.",
  "el_coleccionista": "Lore:  \nThe Collector is an enigmatic creature in Hallownest who resides in the Tower of Love. Obsessed with collecting living specimens, it stores them in jars like trophies. While its appearance is similar to the Knight, it seems to be an artificial creation powered by the Infection, possibly made by the Tower’s Master for amusement or experimentation.\n\nStrategies:  \n- The Collector moves quickly and leaps around the arena, making it hard to keep up with its movements.  \n- Avoid its thrown jars, as these release enemies upon breaking. Focus on destroying the jars before the enemies accumulate.  \n- Always stay on the move, as it can lunge at you with little warning.  \n- Take advantage of attack windows when it lands after a jump or pauses briefly to throw jars.",
  "uumuu": "Lore:  \nUumuu is a dream entity trapped between the realms of dreams and reality, emerging from the depths of Hallownest's subconscious. Once a guardian of dreams, it was corrupted by dark nightmares that twisted its essence. Now, Uumuu roams the dreamlands, unleashing chaos and challenging those who seek to unravel the mysteries of its power.\n\nStrategies:  \n- Its attacks are swift and based on dream energy. Maintain constant mobility to dodge its bursts.\n- Use the shadows in the environment to anticipate its movements and prepare your counterattacks.\n- When Uumuu summons dream orbs, destroy them quickly before they accumulate energy.\n- Capitalize on moments of vulnerability after its most powerful attacks to deal significant damage.\n- Stay calm and focus on specific attack patterns to efficiently predict and evade its moves.",
  "el_destello": "Lore:  \nThe Radiance is an ancient deity of Hallownest, embodying Light and opposing Void. Her existence and worship were forgotten after the Pale King’s rise, as he offered the inhabitants of Hallownest the promise of an eternal kingdom free from the influence of ancient gods. Seeking revenge, the Radiance used the Infection to invade the minds of insects, unleashing the corruption that devastated the kingdom.\n\nStrategies:  \n- Phase 1: Dodge light blades and rays descending from the sky. Stay mobile and attack when she is stationary.  \n- Phase 2: More complex patterns emerge with crossing beams and floating platforms. Learn the patterns and adjust your movements.  \n- Phase 3: During the ascension, focus on avoiding attacks while climbing, using the platforms to deal damage.  \n- The key to victory is learning her attack patterns and staying calm. Prioritize survival over constant damage output.",
  "xero": "Lore:  \nXero is an ethereal entity dwelling in the most mystical corners of Hallownest. Once a wise guardian of arcane secrets, Xero was consumed by an obsession with forbidden knowledge, transforming into a ghostly figure that wanders between dimensions. His translucent appearance and supernatural abilities make him an enigmatic and dangerous adversary.\n\nStrategies:  \n- Uses long-range magical attacks that require precise anticipation to dodge.\n- Employs teleportation skills to move swiftly across the battlefield. Maintain a strategic position to limit his movements.\n- Summons energy barriers that must be destroyed before attacking. Prioritize eliminating these barriers to create attack opportunities.\n- During his cooldown phases, attack with rapid strike combinations to maximize damage.\n- Observe his attack patterns to identify key moments and effectively counter his supernatural abilities.",
  "gran_sabio_del_aguijon_sly": "Lore:  \nSly, known as the Great Nailsage, is a forgotten master of nail arts. While he initially appears as a humble merchant in Dirtmouth, his true identity is revealed when the Knight proves their worth by completing the Path of Pain or defeating several nail masters. Sly trained some of Hallownest’s most skilled swordsmen and holds deep respect for tradition and sacrifice.\n\nStrategies:  \n- Sly is a quick and agile opponent, with attacks that cover long distances and feature unpredictable patterns.  \n- Dodge his quick dash attack and strike after he finishes his movement.  \n- Watch out for his downward slam. When performed, it creates a ground impact; stay away and counterattack after dodging.  \n- As the fight progresses, Sly will execute longer combos and increase his speed. Stay calm and prioritize dodging over constant attacking.  \n- Use openings when he is recovering or finishing an attack to deal damage.",
  "grimm": "Lore:  \nGrimm is the leader of the Grimm Troupe, a mysterious company traveling across lands to collect Nightmare Essence. He and his troupe serve a dark purpose: sustaining a deity known as the Nightmare Heart by feeding it this essence. Though elegant and theatrical, Grimm is a dangerous being with an unyielding purpose, and his battle with the Knight is as much a performance as it is a trial.\n\nStrategies:  \n- Grimm has quick, precise moves such as fire bursts, acrobatic jumps, and a spike rain that covers the arena.  \n- Dodge his fire spike attack by finding gaps between the flames.  \n- During his spike rain attack, keep moving and observe patterns to avoid damage.  \n- Take advantage of moments when he is vulnerable after certain attacks, like his dash, to counterattack.  \n- Stay calm and learn his attack patterns. This fight rewards patience and careful observation.",
  "gorb": "Lore:  \nGorb was an eccentric figure in life, obsessed with achieving a higher state of existence through meditation and knowledge. His spirit now roams the Spirit’s Glade, challenging travelers to prove their worth. His mantra, \"Ascend! Ascend! Ascend!\" reflects his quest for transcendence.\n\nStrategies:  \n- Gorb attacks by summoning spectral spears that emanate from his position and expand outward in all directions.  \n- As the fight progresses, the spears increase in number and speed. Stay calm and look for gaps between them to move and dodge.  \n- Strike quickly between his attack phases, but avoid lingering too close to his position.  \n- The key to defeating him is observing the spear patterns and finding a rhythm to dodge and counterattack.",
  "markoth": "Lore:  \nMarkoth is an optional boss located in the *Abyss* area, a place inhabited by the *guardians of the needle*, a group of knights who protect the kingdom and its secrets. Markoth, like the other guardians, is deeply connected to duty and sacrifice. He is presented as a spiritual being who uses the power of his nail to summon powerful energy attacks. Despite his serious demeanor, Markoth also appears somewhat melancholic and resigned, knowing that his duty has led him to this inevitable battle with the Knight. Like the other guardians, Markoth represents loyalty and the endless struggle to maintain order in the kingdom.\n\nStrategies:  \n- Markoth has a predictable attack pattern, but his attacks can be difficult to dodge due to how quickly he performs them.  \n- The fight starts with Markoth attacking from a distance, summoning energy spheres that he will shoot at the Knight. These spheres can be dodged, but it is crucial to pay attention to the firing pattern.  \n- In addition to the energy spheres, Markoth will use his nail for fast attacks, including jumps and charges towards the Knight.  \n- After a few attacks, Markoth will rise into the air and begin launching energy spheres more aggressively. Take advantage of the moments when he drops back down to strike him, but be alert for his aerial attacks.  \n- As with many other fights, the key is to learn Markoth's attack pattern and be patient. Don't rush the fight and stay focused, as Markoth can strike very quickly.",
  "false_knight": "Lore:  \nThe False Knight is a hulking Maggot that has stolen the armor of a Fallen Knight of Hallownest. Despite its imposing appearance, its motivations are far from noble: it seeks only to defend its territory from intruders. The fight with it reveals its true form, a weak and inexperienced creature hiding inside stolen armor.\n\nStrategies:  \n- Dodge its hammer strikes, which are slow but have a wide reach. Stay clear of the shockwaves created when it slams the ground.  \n- When it staggers after taking enough damage, seize the opportunity to strike quickly.  \n- Watch out for debris falling from the ceiling during the fight, as it can hurt you.  \n- Attack the exposed Maggot when you manage to break the armor. Repeat the process until it is defeated.",
  "guardian_de_cristal": "Lore:  \nThe Crystal Guardian is one of the protective figures of the Crystal Peaks, an area that holds ancient secrets about the creation of Hallownest. This mechanical and robust being stands deep within the Crystal Peaks, tasked with guarding the entrance to the sacred chamber that contains fragments of power. Despite its purpose as a protector, the Crystal Guardian has been possessed by the Infection, turning it into a fierce enemy.\n\nStrategies:  \n- The Crystal Guardian uses a set of attacks based on crystal and shards, launching crystal projectiles at the Knight.  \n- Dodge the crystals falling from the ceiling and his projectile attacks, but stay close to prevent him from recharging his power.  \n- Strike after he performs a large attack, such as his charge or crystal launch.  \n- Use the environment's platforms to your advantage for dodging and striking at the right moments.  \n- The key to defeating him is to keep moving constantly, avoiding attacks, and looking for openings to deal damage quickly.",
  "anciano_hu": "Lore:  \nElder Hu was an ancient sage of the kingdom of Hallownest, deeply tied to the spiritual aspects of his people. After his death, his spirit was left trapped, and he now appears as a spectral figure, writhing in his discontent. He often reflects on the inevitability of death and oblivion.\n\nStrategies:  \n- Watch his attack rings: Hu throws spectral rings that expand outward. Stay mobile and dodge through the gaps.  \n- Stay close to the ground when surrounded by rings, as jumping might complicate evasion.  \n- Use ranged attacks, like the Shade Soul or Charms like \"Shaman Stone.\"  \n- If using melee, strike between his attacks and keep moving to avoid getting cornered.",
  "maestro_de_pintura_sheo": "Lore:  \nThe Painter Master Sheo is a unique boss, belonging to the *Optional Bosses* you can encounter during your journey. Sheo is a talented painter who resides in the *Painted House* in the *Queen’s Gardens* area, and his art has a deep connection to the history of Hallownest. He is a melancholic figure who devotes himself to creating his works while observing the desolation of the kingdom. Though seemingly a tranquil character, when faced with the Knight, he proves to be a master of using art as a form of combat. His battle, full of projectiles and artistic attacks, is both a challenge and a work of art in itself.\n\nStrategies:  \n- The fight against Sheo is not excessively complicated but revolves around his painting attacks, which he launches as projectiles.  \n- Sheo summons magical canvases that fire colored projectiles, which deal damage to the Knight if they touch him. It’s important to dodge these projectiles with precision.  \n- During the fight, Sheo positions himself in different spots to launch his attacks. Pay attention to his movement and use the openings between his attacks to close in and deal damage.  \n- Be cautious of the large canvases Sheo throws across the battlefield. These canvases can create an attack zone that forces you to move quickly to avoid damage.  \n- Though his attacks may seem harmless, the firing pattern can be tricky to dodge when surrounded by canvases. Keep moving and don’t get trapped.",
  "defensor_del_estiercol": "Lore:  \nThe Dung Defender, known as Ogrim, was one of the Five Great Knights of Hallownest. He remains loyal to his king and fights with honor, even after the kingdom has fallen. He now resides in the depths of the sewer system, where he protects the pipes and proudly remembers the glory days of his service.\n\nStrategies:  \n- His main attacks involve throwing dung balls that bounce unpredictably around the arena. Keep moving to avoid them.  \n- When he burrows into the ground, prepare to dodge, as he can emerge quickly to strike.  \n- Use the moments when he is busy throwing dung to get close and attack safely.  \n- Pay attention to his attack patterns; although they seem chaotic, they follow a rhythm you can learn to anticipate.",
  "musgoagresor_gigante": "Lore:  \nThis boss is a giant version of an aggressive creature that inhabits the depths of the kingdom. Altered by corruption, it has grown larger, stronger, and more dangerous. Its massive size and aggression make it a formidable challenge for adventurers. It is known for charging attacks and its ability to release poisonous spores that cover the battlefield. Additionally, in the second phase of the fight, it can summon smaller companions, adding difficulty to the encounter.\n\nStrategies:  \n- The boss moves slowly, but its attacks are powerful. It uses charging and crushing moves with its massive body.  \n- During the fight, it can release poisonous spores that affect the battle area, forcing the player to keep moving to avoid damage.  \n- While its attacks are slow, they deal significant damage, so it's important to keep your distance and dodge precisely.  \n- In later phases, it can summon smaller creatures that surround you. These additional enemies distract and complicate the fight, so it's advisable to take them out quickly.  \n- Take advantage of the openings between its attacks and use the arena space to your advantage to land quick strikes and avoid getting hit.",
  "guerrero_del_alma": "Lore:  \nThe Soul Warrior is a once strong and honorable warrior who was corrupted by the darkness of the Infection that ravages Hallownest. His soul was sealed inside the Soul Sanctum, where he became a spectral guardian that challenges any intruders. Although he is a reflection of the Knight, he has become completely erratic and dangerous, seeking perfection in the battle of the soul.\n\nStrategies:  \n- The Soul Warrior mimics the Knight’s abilities, such as charging, jumping, and using soul abilities like the \"Soul Slash.\"  \n- Dodge his soul attacks, which are launched quickly and precisely, especially the soul projectiles.  \n- Take advantage of moments when he stops or prepares for a large attack to counterattack.  \n- Stay calm and observe his attack patterns. The Soul Warrior is predictable if you watch closely.  \n- Use your soul abilities to reflect damage and increase your chance of attacking when he weakens after certain moves."
}