{
  "1": "[b][u]How to acquire:[/u][/b]\nPurchased from Iselda in Dirtmouth for [b][u]Geo220[/u][/b] after the first encounter with Cornifer, the cartographer.\n\n[b][u]Utility:[/u][/b]\nThis charm is useful for exploration, particularly during the early stages of the game.\n\nIt is recommended to swap it out for combat-focused items when getting ready to face major enemies like bosses.",
  "2": "Given by Sly at Dirtmouth after learning the 3 Arts of the Nail from the Nail Masters:\n\nNail Master Oro in the Kingdom's Edge\nNail Master Mato in Howling Cliffs\nNail Master Sheo in Greenpath\n[b][u]Utility:[/u][/b]\nThis charm is one of the best that occupies 1 notch, alongside Song of Larvas. It allows for quick area clearing and is highly useful in the Coliseum of Foolishness, where it's necessary for defeating enemies in a single blow. It’s important to note that it is exclusive to melee strategies focused on the use of the Nail rather than spells.",
  "3": "Purchased from Sly in Dirtmouth for **[b][u]Geo200[/u][/b].\n\n[b][u]Utility:[/u][/b]\nThis charm is highly effective against certain bosses with hard-to-avoid attacks. It provides a longer window to strike the boss, making it possible in some cases to overwhelm them purely with damage.\n\nIt is also useful in the Trial of the Fool, as there are rounds where it is difficult to dodge all the enemies.",
  "4": "Found at the end of the Ancestral Mound after defeating the Elder Baldur.\n\n[b][u]Utility:[/u][/b]\nIt is one of the first charms obtained in the game. Its effect is not particularly significant, but it is useful as it allows the player to heal more frequently. Additionally, since it requires fewer notches, it is more practical than the Soul Eater charm.",
  "5": "Purchased from Salubra for [b][u]Geo220[/u][/b] in Forgotten Crossroads.\n\n[b][u]Utility:[/u][/b]\nThis charm increases spell damage by 33%-51%, depending on the spell used.",
  "6": "Found in Resting Grounds and requires the Desolate Dive.\n\nUse Desolate Dive on the tomb located just below the Stag Station and head to the right. The charm is near a shaman's statue.\n\n[b][u]Utility:[/u][/b]\nThis charm allows for quick SOUL accumulation, but it takes up 4 notches, severely limiting the player's options. In most cases, the Soul Catcher charm proves to be more efficient.",
  "7": "Found under a statue in Mantis Village, located in the Fungal Wastes, near the entrance to the Royal Waterways.\n\n[b][u]Utility:[/u][/b]\nThe ability to perform a Quick Dash downward can be useful in certain platforming areas or to dodge specific attacks. However, its primary use is for map exploration, as it allows for much faster movement than simply walking.",
  "8": "Purchased from Sly in Dirtmouth for **[b][u]Geo400[/u][/b], requires obtaining the Shopkeeper's Key.\n\n[b][u]Utility:[/u][/b]\nIncreases the Knight's speed, allowing him to run faster.\n\nIn most cases, it is better to use the Mothwing Cloak or Crystal Heart directly, but in areas where those cannot be used, this charm can be quite helpful.",
  "9": "Given by the Elderbug after the player has freed [b][u]10 Captive Larvae[/u][/b].\n\n[b][u]Utility:[/u][/b]\nIt is one of the best charms with a cost of 1, as it provides SOUL to heal and offset damage taken. The amount of SOUL gained per hit is not enough to fully heal all damage received, but with a few hits or by equipping other charms that help to gather more SOUL, it becomes an incredibly useful charm in a spell-focused build.\n\nIt is also beneficial in platforming areas where there are no enemies to collect SOUL from.",
  "10": "Given by the Elderbug after freeing [b][u]46 Captive Larvae[/u][/b].\n\n[b][u]Utility:[/u][/b]\nThis is a tricky charm to use: it only deals half the damage of the Nail, the player must have all masks, and the beams do not provide SOUL when hitting enemies.\n\nIt synergizes well with Quick Slash and Fragile Strength, as they increase the damage dealt per second. It is also beneficial to equip Lifeblood Heart and Lifeblood Core, as they allow the player to take a few extra hits before losing the charm's effect.\n\nIt is useful for completing the Delicate Flower challenge, allowing players to defeat enemies from a safe distance.\n\nHowever, it is not very effective against bosses, except for The Radiance and Flukemarm, in which case it prevents us from having to jump or get too close to hit them.\n\nThe projectile range does NOT increase with Long Nail or Pride's Mark.\n\nThe size of the beams increases with Pride's Mark.",
  "11": "Purchased from Leg eater in the Fungal Wastes for [b][u]Geo350[/u][/b]. If you carry the Defender's Crest, the price drops to [b][u]Geo280[/u][/b].\n\nIf it breaks, Leg Eater will repair it for [b][u]Geo200[/u][/b], or for [b][u]Geo160[/u][/b] if you have the Defender's Crest.\n\n[b][u]Utility:[/u][/b]\nThis charm is very powerful, despite breaking when the player dies. It is recommended to use it in situations where death is unlikely, such as during explorations or battles against Dream Bosses (the charm will not break if you lose inside a dream).\n\nIt is strictly better than the Lifeblood Heart, as it provides 2 normal masks for the same cost that can be recovered by concentrating SOUL.\n\nThe main issue with the charm is the time it takes to repair it if it breaks.\n\nLastly, it should be noted that it is one of the best charms for the Steel Soul mode, where we cannot die in any case.",
  "12": "Once the player has summoned the Grimm Troupe, Divine will appear in Dirtmouth. To obtain the unbreakable version of Fragile Heart, the player must equip the charm and speak with her. She will then consume it and ask for [b][u]Geo12000[/u][/b] in exchange for the upgraded version.\n\n[b][u]Utility:[/u][/b]\nThis charm is very powerful, despite breaking when the player dies. It is recommended to use it in situations where death is unlikely, such as during explorations or battles against Dream Bosses (the charm will not break if you lose inside a dream).\n\nIt is strictly better than the Lifeblood Heart, as it provides 2 normal masks for the same cost that can be recovered by concentrating SOUL.\n\nThe main issue with this charm is the time it takes to repair it if it breaks.\n\nFinally, it is worth noting that it is one of the best charms for the Steel Soul mode, where we cannot die in any circumstance.",
  "13": "Purchased from Leg Eater in the Fungal Wastes for [b][u]Geo250[/u][/b]. If you carry the Defender's Crest, the price drops to [b][u]Geo200[/u][/b].\n\nIf the charm breaks, Leg Eater will repair it for [b][u]Geo150[/u][/b], or for [b][u]Geo120[/u][/b] if you have the Defender's Crest.\n\n[b][u]Utility:[/u][/b]\nIt is recommended to use this charm in situations where death is unlikely, such as during explorations or in Steel Soul mode.\n\nThe main drawback of this charm is the time it takes to repair it if it breaks.\n\nUnlike other fragile charms, Fragile Greed is not very useful against Dream Bosses, as they do not drop Geo.",
  "14": "Once the player has summoned the Grimm Troupe, Divine will appear in Dirtmouth. To obtain the unbreakable version of Fragile Greed, the player must equip the charm and speak with her. She will then consume it and ask for [b][u]Geo9000[/u][/b] in exchange for the upgraded version.\n\n[b][u]Utility:[/u][/b]\nIt is recommended to use this charm in situations where death is unlikely, such as during explorations or in Steel Soul mode.\n\nThe main issue with this charm is the time it takes to repair it if it breaks.\n\nUnlike other fragile charms, Fragile Greed is not particularly useful against Dream Bosses, as they do not drop Geo.",
  "15": "Acquired from Leg-Eater in the Fungal Wastes by [b][u]Geo600[/u][/b]. If we equip the Defender's Crest, the price is reduced to [b][u]Geo480[/u][/b].\n\nIf the charm breaks, Leg-Eater will repair it for [b][u]Geo350[/u][/b], or for [b][u]Geo280[/u][/b] if we wear the Defender's Crest.\n\n[b][u]Utility:[/u][/b]\nIncreases nail damage by 50%. It does not affect Sharp Shadow.\n\nThis charm is incredibly powerful, as it provides the same effect as Fury of the Fallen on a permanent basis for only one additional notch. It is recommended for situations where death is unlikely, such as during exploration or in battles against Dream Bosses (the charm will not break if defeated within a dream).\n\nThe biggest downside of this charm is the time needed to repair it if it breaks.\n\nIt is one of the best charms for Steel Soul mode, where the player must not die under any circumstances.",
  "16": "Once the player has summoned the Grimm Troupe, Divine will appear in Dirtmouth. To obtain the unbreakable version of Fragile Strength, the player must equip the charm and speak with her. She will then consume it and ask for [b][u]Geo15000[/u][/b] in exchange for the upgraded version.\n\n[b][u]Utility:[/u][/b]\nIncreases the Nail's damage by 50%. Does not affect Sharp Shadow.\n\nThis charm is extremely powerful, as it provides the same effect as Fallen Fury permanently for just one more notch. It is recommended to use it in situations where death is unlikely, such as during explorations or in battles against Dream Bosses (the charm will not break if you lose inside a dream).\n\nThe main drawback of this charm is the time it takes to repair it if it breaks.\n\nIt is one of the best charms for Steel Soul mode, where the player should not die in any case.",
  "17": "It is located in a secret room at the top of the Soul Sanctuary, just before the battle against the Soul Master.\n\n[b][u]Utility:[/u][/b]\nThis charm is highly useful in a spell-oriented setup, as, unlike others like Devourer's Soul or Soul Catcher, it does not rely on the hits the player lands with the Nail. Still, when paired with any charm that grants SOUL, it becomes even more beneficial than when used alone.\n\nIt does not lower the cost of Concentration.",
  "18": "Sold by Salubra for Geo120 in the Forgotten Crossroads.\n\n[b][u]Utility:[/u][/b]\nThis charm is often underestimated, as it prevents the Knight from being knocked back when hitting enemies with the Nail. It is particularly useful in the platforming areas of the Queen's Gardens.\n\nHowever, the Knight will still be pushed back when hitting environmental objects like spikes or enemy armor if struck from above.",
  "19": "Sold by Sly for Geo350 in Dirtmouth, requires having given him the Merchant's Key.\n\n[b][u]Utility:[/u][/b]\nThis charm is particularly useful against enemies with uninterruptible attacks, as it often allows us to push them back enough to interrupt the charge of their attack.\n\nHowever, it does not affect enemies that do not suffer knockback, which includes most bosses. It is advisable to swap it out for those battles.",
  "20": "It is located in the Kingdom's Edge, on an altar inside a hidden room.\n\n[b][u]Utility:[/u][/b]\nThis charm enables faster attacks and makes it easier to hit enemies from above, as well as interact with environmental obstacles.",
  "21": "Sold by Salubra for Geo300.\n\n[b][u]Utility:[/u][/b]\nThis charm increases the Nail's range, allowing the player to keep a safe distance from dangerous enemies and making it easier to bounce off obstacles.\n\nWhile it provides less range than the Mark of Pride, it is easier to obtain and requires fewer slots. In most cases, the difference from the Mark of Pride is nearly imperceptible.\n\nIt does not affect the range of Nail Arts or the Elegy of the Weavers.",
  "22": "It is found in the Mantis Village, inside a chest in a room to the northeast of the Mantis Lords. It is only accessible after defeating them.\n\n[b][u]Utility:[/u][/b]\nThis charm increases the Nail's range, allowing the player to keep a safe distance from dangerous enemies and making it easier to bounce off obstacles.\n\nWhile it provides more range than Longnail, it is harder to obtain and takes up more slots.\n\nIt does not affect the range of Nail Arts or the Elegy of the Weavers.\n\nWhen equipped alongside Longnail, it allows the player to activate certain levers that are behind closed doors. This behavior does not seem to be intentional.",
  "23": "It is located in the King's Pass.\n\nWe can reach it at the beginning of the game by hitting the spikes while jumping to access the charm, or we can return after acquiring the Monarch Wings or the Mantis Claw. It can also be accessed by climbing through the area that connects to Forgotten Crossroads using the Monarch Wings and the Mantis Claw.\n\n[b][u]Utility:[/u][/b]\nThis charm increases the damage dealt by Nail attacks, allowing players to defeat enemies more quickly.\n\nSince it requires the player to be in a near-death state, it is recommended for use only by more experienced players who can dodge all enemy attacks. Otherwise, Quick Focus may be a better alternative, as it allows the player to recover more quickly during a battle.",
  "24": "It is located in Greenpath, within a maze of thorns. The Monarch Wings are required to access it.\n\n[b][u]Utility:[/u][/b]\nThe damage dealt by the thorns is double the Nail's base damage, meaning external enhancements like Fragile Strength do not affect this charm. It’s important to remember that the damage caused by this charm does not grant SOUL, which can be a drawback in certain situations.\n\nThis charm is particularly effective when many enemies appear simultaneously, such as in the Coliseum of Fools.\n\nIt is not recommended to use it in the Fog Canyon, as it can harm the jellyfish, causing them to release their explosive core that chases the player. However, it proves to be useful in most fights, as it compensates for the damage taken.",
  "25": "English Version:\n\nThis charm is located southwest of the Howling Cliffs. There is a chest in that area that only contains Geo1; if we jump inside it, it will lead us to a cave guarded by two Elder Balders, where the charm is found.",
  "26": "Reward for defeating Tremarmita in the Royal Waterways.\n\n[b][u]Utility:[/u][/b]\nThe decision to use this charm is a matter of personal preference. The player sacrifices range and consistency for the potential to deal up to double damage. Its use is exclusive to melee strategies, as it is a waste of SOUL for ranged attacks.\n\nTremanido is very effective against groups of weak enemies or against bosses with large hitboxes.",
  "27": "Reward for defeating the Defender of the Muck in the Royal Waterways.\n\n[b][u]Utility:[/u][/b]\nIt intermittently emits a toxic cloud around the Knight, dealing between 1 and 3 damage to nearby enemies per tick.\n\nThe clouds are not very powerful and have a very limited range, making this charm quite situational.\n\nIt is not recommended to carry it in the Fog Canyon, as it damages the Uomas, causing them to explode.\n\nYou can avoid the first encounter with the Crystal Guardian, as getting close to him will damage him and he won’t awaken, allowing you to avoid killing him.",
  "28": "It is found in the Forgotten Crossroads, in a secret room to the right of the False Knight area. You need to have the Crystal Heart.\n\n[b][u]Utility:[/u][/b]\nBy draining the player's SOUL, this charm periodically summons offspring (up to a maximum of 4) that fly around the player and charge at the nearest enemy, dealing 7 damage and dying in the process.\n\nThe decision to use this charm depends on the player’s combat style. It is especially recommended for players who prefer close combat and are good at dodging, as they can spend the SOUL they don't use on healing or spells.",
  "29": "Sold by Salubra for [b]Geo800[/b] in the Forgotten Crossroads.\n\n[b][u]Utility:[/u][/b]\nThis charm allows the player to heal in half the time, making it very useful against certain bosses and in situations with multiple enemies, such as in the Coliseum of Fools.\n\nWhen used in combination with Deep Focus, the healing speed will be the same as the default speed; however, with this combination of charms, we can heal two masks at a time.",
  "30": "Found in Crystal Peak, inside a hidden crystal cave.\n\nBelow the area where the player encounters Cornifer, there is a Mining Shell digging into a wall. Destroy that wall to reveal a secret area. Requires Crystal Heart.\n\n[b][u]Utility:[/u][/b]\nIts high cost and concentration time make it difficult to use against bosses. It is better suited for areas where the player has time to rest, such as platforming sections, where it can be very useful when used alongside Song of the Larvae and Hiveblood. It is often replaced by Quick Focus due to its greater utility in boss fights and lower cost in notches.",
  "31": "Sold by Salubra for Geo250 in Forgotten Crossroads.\n\n[b][u]Utility:[/u][/b]\nThe player receives 2 lifemask, which refill after resting on a bench. This HP cannot be recovered through Soul Concentration.\n\nLike the Lifeblood Core, this charm is useful for players with a spell-oriented playstyle, as it allows them to use SOUL for dealing damage instead of healing. Its low cost is advantageous if we want to have more free notches, but 2 lifemask are not very significant compared to Lifeblood Core or other healing charms like Quick Focus or Hiveblood.\n\nRegarding combat strategies, it is common to use it for melee fights (absorbing damage and taking advantage of invulnerability moments) or in spell strategies, as, if played well, it helps conserve SOUL for healing.",
  "32": "On the left wall of the Abyss, there is a cave that only opens if the player has 15 or more lifemasks. These can be obtained by destroying lifeblood cocoons or equipping charms like Lifeblood Heart or Joni's Blessing (the latter also transforms the masks provided by Fragile Heart). The charm is located at the end of this cave.\n\nAdditionally, there is an Arcane Egg in the same area, but once the player obtains the Lifeblood Core, they will be expelled from the room, and the door will remain closed forever. Therefore, it is recommended to collect the Arcane Egg first and then the charm.\n\n[b][u]Utility:[/u][/b]\nProvides 4 lifemasks after resting on a bench; these masks cannot be regenerated through Soul Concentration.\n\nLike the Lifeblood Heart, this charm is useful for players with a spell-focused playstyle, as it allows them to use SOUL for dealing damage instead of healing.\n\nIt is possibly the best lifeblood charm, as it provides double the masks of the Lifeblood Heart and does not convert all masks into lifemasks like Joni's Blessing, allowing the player to heal if necessary.\n\nRegarding combat strategies, it is commonly used for melee fights (absorbing damage and taking advantage of invulnerability moments) or in spell strategies, as, if played well, it conserves SOUL for healing.",
  "33": "It is located in Joni's Rest, in a cave within the Howling Cliffs.\n\n[b][u]Utility:[/u][/b]\nThis charm is useful for melee combat strategies and spell strategies, as it eliminates the need to use SOUL for healing. Additionally, it allows access to the Lifeblood Core charm by drastically increasing the player's blue masks.",
  "34": "It is obtained by defeating the Hive Knight, passing through the doors on the right and going down a bit as indicated on the map.\n\n[b][u]Utility:[/u][/b]\n\nReplaces the texture of life masks with honeycombs, which will regenerate the last lost mask after 10 seconds (even if the received attack has broken two). If the player heals by concentrating, the ongoing regeneration will stop.\nWill regenerate the lifeblood provided by the Lifeblood Blessing, but not that granted by the Lifeblood Heart or Lifeblood Core.\nWill eliminate contact damage from the enemies in the Hive, making them passive.\nIt is recommended to use this charm in areas where ALMA cannot be easily obtained, or in battles against bosses where healing is difficult (such as, for example, the Nightmare King).",
  "35": "This charm is found in the Fungal Wastes, near the secret entrance to the Queen's Gardens and the Deep Nest. It requires the Mantis Claw.\n\n[b][u]Utility:[/u][/b]\nIt is particularly useful in combat, especially when facing multiple enemies at once. Additionally, it allows the player to understand the fungal creatures of the Fungal Wastes, providing valuable insights into the environment and its inhabitants.",
  "36": "Located in the Deep Nest, southeast of the Hot Springs fountain, behind a Dark Gate. It requires the Shade Cloak.\n\n[b][u]Utility:[/u][/b]\nEnemies damaged by Sharp Shadow do not grant SOUL upon defeat. This attack can damage enemies that are immune to Nail attacks, broadening the player's tactical options.\n\nFurthermore, the 39% increase in dash speed can be particularly beneficial against bosses, as it allows for easier navigation through their attacks. However, be aware that this can make certain platforming areas more challenging to traverse.",
  "37": "Given by Unn at the Lake of Unn. Requires Isma's Tear.\n\n[b][u]Utility:[/u][/b]\nThis charm allows the Knight to move while focusing SOUL. However, the movement is limited and slow; the player cannot jump or use any abilities that enable movement during this time. Additionally, there is an animation at the beginning and end of the concentration, which can impact effectiveness in combat situations.",
  "38": "Given by Sly at Dirtmouth after learning the 3 Arts of the Nail from the Nail Masters:\n\nNail Master Oro in the Kingdom's Edge\nNail Master Mato in Howling Cliffs\nNail Master Sheo in Greenpath\n[b][u]Utility:[/u][/b]\nThis charm is one of the best that occupies 1 notch, alongside Song of Larvas. It allows for quick area clearing and is highly useful in the Coliseum of Foolishness, where it's necessary for defeating enemies in a single blow. It’s important to note that it is exclusive to melee strategies focused on the use of the Nail rather than spells.",
  "39": "It is found in the Weaver's Den.\n\n[b][u]Utility:[/u][/b]\nThis charm summons 3 small weavers whose movement is primarily terrestrial, although they can also jump and climb walls. They follow the Knight and deal 3 damage on contact to enemies. If a weaver falls or loses sight of the Knight, a new one will take its place. Additionally, these small spiders interact with the Knight; for example, when he sits on a bench, they will also sit and wait.",
  "40": "Received from the Seer after obtaining 500 Essence.\n\n[b][u]Utility:[/u][/b]\nIt is the most efficient charm for acquiring SOUL due to its low cost and high effectiveness. It doubles the amount of SOUL gained from hitting an enemy with the Dream Nail (from 33% to 66%) and reduces its charge time to less than half (from 2.4 seconds to 0.9 seconds). Its only downside is that the player must remain stationary to use it, and it does not deal damage to enemies; it only pushes them back.\n\nThis charm is particularly useful in the Coliseum of Fools, as if we leave an enemy alive, we can use it to fill our SOUL meter and heal ourselves.\n\nAdditionally, it increases the chance of enemies dropping Essence:\n\nNormal probability: 0.5%\nDream Wielder equipped: 1%\nIf Essence has been spent: 2%\nIf Essence has been spent and the charm is equipped: 4%",
  "41": "It is located behind a destructible wall in Resting Grounds, directly beneath the Seer's room.\n\n[b][u]Utility:[/u][/b]\nThe shield rotates around the Knight, blocking projectiles and damaging enemies.\n\nEach time the shield makes contact with an enemy, it deals damage equivalent to that of the nail. After making contact, the shield is destroyed and takes a few seconds to recharge.\n\nAttacking with the nail causes the shield to charge outward.\n\nFocusing makes the shield rotate faster and speeds up its recovery.\n\nThe shield is capable of damaging Crystal Crawlers.",
  "42": "Given by Grimm after summoning The Grimm Company.\n\n[b][u]Utility:[/u][/b]\nThis charm summons a companion that grows stronger each time it changes phases. It also allows the Knight to interact with Grimm and fight against him.",
  "43": "It is granted by Nymm after speaking with him in Dirtmouth. To obtain it, you must fade The Grimm Company, which involves:\n\nDefeating Grimm.\nTalking to Brumm in Deepnest.\nExtinguishing the flame in Cliffs of Echoes without defeating the Nightmare King.\n[b][u]Utility:[/u][/b]\nThe hit counter does not reset upon dying or unequipping it, making it particularly useful against radiant bosses. This charm is especially valuable when there are no accessible means to heal. Additionally, it allows other charms (such as Thorns of Agony) to activate simultaneously with Carefree Melody, except for Song of Larvae, which requires taking real damage.",
  "44": "First, you must obtain both halves of the charm:\n\nOne half is granted by the White Lady in Queen's Gardens.\nThe other half is a reward from the White Palace.\nOnce you have both halves, they will automatically combine to form the complete charm.\n\n[b][u]Utility:[/u][/b]\nOnce equipped, the charm generates 2 SOUL every 4 seconds. The Monarch's Soul is extremely useful in platforming areas, as it does not require the player to be damaged to function, unlike Blood Tincture.\n\nThis charm is mainly used to access the secret area at the bottom of the ** abyss**. After that, it is typically permanently replaced by Void Heart. Despite this, it can be useful for completing most optional bosses or during the fight against the Hollow Knight, making the most of the brief period it can be used.",
  "45": "It is found in the Birthplace; its entrance is at the bottom of the Abyss and will only open if the player has the Monarch's Soul equipped. At the end of the area, there is an egg that, when struck with the Dream Nail, reveals a scene from the past featuring the Pale King.\n\n[b][u]Utility:[/u][/b]\nUnlocks the second and third endings of the game, where Hornet assists the Knight in the battle against the Hollow Knight. Once the player has acquired the Void Heart, they can no longer achieve the first ending without starting a new game.\n\nThis charm makes the Shade and the Brothers of the player non-hostile, so they do not harm the Knight. Additionally, it allows them to be destroyed with a single hit and prevents more Void Tendrils from appearing.\n\nThe charm replaces the Monarch's Soul and cannot be unequipped. However, it loses its effects and does not occupy charm slots.\n\nIt also unlocks new dialogue with Confessor Jiji, Steel Soul Jinn, White Lady, Hornet, and Bardoon."
}