{
  "charms": [
    {
      "id": 1,
      "name": "Wayward Compass",
      "description": "Whispers its location to the bearer whenever a map is open, allowing wanderers to pinpoint their current location.",
      "notches": 1,
      "icon": "amuletos_icon/1.webp",
      "notches_image": "amuletos_icon/SoulCost.webp",
      "location_image": "amuletos_img/1.png"
    },
    {
      "id": 2,
      "name": "Gathering Swarm",
      "description": "A swarm will follow the bearer and gather up any loose Geo. Useful for those who can’t bear to leave anything behind.",
      "notches": 1,
      "icon": "amuletos_icon/2.webp",
      "notches_image": "amuletos_icon/SoulCost.webp",
      "location_image": "amuletos_img/2.png"
    },
    {
      "id": 3,
      "name": "Stalwart Shell",
      "description": "Builds resilience. After taking damage, the bearer will remain invulnerable longer, making it easier to escape from dangerous situations.",
      "notches": 2,
      "icon": "amuletos_icon/3.webp",
      "notches_image": "amuletos_icon/SoulCost.webp",
      "location_image": "amuletos_img/3.png"
    },
    {
      "id": 4,
      "name": "Soul Catcher",
      "description": "Used by shamans to draw more SOUL from the world around them. Increases the amount of SOUL gained when striking an enemy.",
      "notches": 2,
      "icon": "amuletos_icon/4.webp",
      "notches_image": "amuletos_icon/SoulCost.webp",
      "location_image": "amuletos_img/4.webp"
    },
    {
      "id": 5,
      "name": "Shaman Stone",
      "description": "Said to contain the knowledge of past generations of shamans. Increases the power of spells, dealing more damage to foes.",
      "notches": 3,
      "icon": "amuletos_icon/5.webp",
      "notches_image": "amuletos_icon/SoulCost.webp",
      "location_image": "amuletos_img/5.png"
    },
    {
      "id": 6,
      "name": "Soul Eater",
      "description": "Forgotten shaman artifact used to draw SOUL from still-living creatures. Greatly increases the amount of SOUL gained when striking an enemy.",
      "notches": 4,
      "icon": "amuletos_icon/6.webp",
      "notches_image": "amuletos_icon/SoulCost.webp",
      "location_image": "amuletos_img/6.webp"
    },
    {
      "id": 7,
      "name": "Dashmaster",
      "description": "Bears the likeness of an eccentric bug known as \"The Dashmaster\". The bearer will be able to dash more often, including downward.",
      "notches": 2,
      "icon": "amuletos_icon/7.webp",
      "notches_image": "amuletos_icon/SoulCost.webp",
      "location_image": "amuletos_img/7.webp"
    },
    {
      "id": 8,
      "name": "Sprintmaster",
      "description": "Bears the likeness of a strange bug known as \"The Sprintmaster\". Increases the running speed of the bearer.",
      "notches": 1,
      "icon": "amuletos_icon/8.webp",
      "notches_image": "amuletos_icon/SoulCost.webp",
      "location_image": "amuletos_img/8.png"
    },
    {
      "id": 9,
      "name": "Grubsong",
      "description": "the gratitude of freed grubs. Gain SOUL when taking damage.",
      "notches": 1,
      "icon": "amuletos_icon/9.webp",
      "notches_image": "amuletos_icon/SoulCost.webp",
      "location_image": "amuletos_img/9.png"
    },
    {
      "id": 10,
      "name": "Grubberfly's Elegy",
      "description": "Contains the gratitude of grubs moving to the next stage of their lives. When the bearer is at full health, they will fire beams of energy from their nail.",
      "notches": 3,
      "icon": "amuletos_icon/10.webp",
      "notches_image": "amuletos_icon/SoulCost.webp",
      "location_image": "amuletos_img/10.png"
    },
    {
      "id": 11,
      "name": "Fragile Heart",
      "description": "Increases the health of the bearer. This charm is fragile and will break if the bearer is killed.",
      "notches": 2,
      "icon": "amuletos_icon/11.webp",
      "notches_image": "amuletos_icon/SoulCost.webp",
      "location_image": "amuletos_img/11.png"
    },
    {
      "id": 12,
      "name": "Unbreakable Heart",
      "description": "Increases the health of the bearer. This charm is unbreakable.",
      "notches": 2,
      "icon": "amuletos_icon/12.webp",
      "notches_image": "amuletos_icon/SoulCost.webp",
      "location_image": "amuletos_img/12.png"
    },
    {
      "id": 13,
      "name": "Fragile Greed",
      "description": "Causes the bearer to find more Geo when defeating enemies. This charm is fragile and will break if the bearer is killed.",
      "notches": 2,
      "icon": "amuletos_icon/13.webp",
      "notches_image": "amuletos_icon/SoulCost.webp",
      "location_image": "amuletos_img/13.png"
    },
    {
      "id": 14,
      "name": "Unbreakable Greed",
      "description": "Causes the bearer to find more Geo when defeating enemies. This charm is unbreakable.",
      "notches": 2,
      "icon": "amuletos_icon/14.webp",
      "notches_image": "amuletos_icon/SoulCost.webp",
      "location_image": "amuletos_img/14.png"
    },
    {
      "id": 15,
      "name": "Fragile Strength",
      "description": "Increases the bearer's strength, boosting nail damage. This charm is fragile and will break if the bearer is killed.",
      "notches": 3,
      "icon": "amuletos_icon/15.webp",
      "notches_image": "amuletos_icon/SoulCost.webp",
      "location_image": "amuletos_img/15.png"
    },
    {
      "id": 16,
      "name": "Unbreakable Strength",
      "description": "Increases the bearer's strength, boosting nail damage. This charm is unbreakable.",
      "notches": 3,
      "icon": "amuletos_icon/16.webp",
      "notches_image": "amuletos_icon/SoulCost.webp",
      "location_image": "amuletos_img/16.png"
    },
    {
      "id": 17,
      "name": "Spell Twister",
      "description": "Improves the bearer's ability to cast spells, reducing the SOUL cost of casting spells.",
      "notches": 2,
      "icon": "amuletos_icon/17.webp",
      "notches_image": "amuletos_icon/SoulCost.webp",
      "location_image": "amuletos_img/17.webp"
    },
    {
      "id": 18,
      "name": "Steady Body",
      "description": "Keeps the bearer from recoiling when striking an enemy, allowing continuous attacks.",
      "notches": 1,
      "icon": "amuletos_icon/18.webp",
      "notches_image": "amuletos_icon/SoulCost.webp",
      "location_image": "amuletos_img/18.png"
    },
    {
      "id": 19,
      "name": "Heavy Blow",
      "description": "Increases the force of the bearer's nail, causing enemies to recoil further when hit.",
      "notches": 2,
      "icon": "amuletos_icon/19.webp",
      "notches_image": "amuletos_icon/SoulCost.webp",
      "location_image": "amuletos_img/19.png"
    },
    {
      "id": 20,
      "name": "Quick Slash",
      "description": "Allows the bearer to slash much more rapidly with their nail.",
      "notches": 3,
      "icon": "amuletos_icon/20.webp",
      "notches_image": "amuletos_icon/SoulCost.webp",
      "location_image": "amuletos_img/20.webp"
    },
    {
      "id": 21,
      "name": "Longnail",
      "description": "Increases the range of the bearer's nail, allowing them to strike foes from farther away.",
      "notches": 2,
      "icon": "amuletos_icon/21.webp",
      "notches_image": "amuletos_icon/SoulCost.webp",
      "location_image": "amuletos_img/21.png"
    },
    {
      "id": 22,
      "name": "Mark of Pride",
      "description": "Greatly increases the range of the bearer's nail, given freely by the Mantis Tribe to those they respect.",
      "notches": 3,
      "icon": "amuletos_icon/22.webp",
      "notches_image": "amuletos_icon/SoulCost.webp",
      "location_image": "amuletos_img/22.webp"
    },
    {
      "id": 23,
      "name": "Fury of the Fallen",
      "description": "Increases the bearer's strength when close to death.",
      "notches": 2,
      "icon": "amuletos_icon/23.webp",
      "notches_image": "amuletos_icon/SoulCost.webp",
      "location_image": "amuletos_img/23.webp"
    },
    {
      "id": 24,
      "name": "Thorns of Agony",
      "description": "When taking damage, sprout thorny vines that damage nearby enemies.",
      "notches": 1,
      "icon": "amuletos_icon/24.webp",
      "notches_image": "amuletos_icon/SoulCost.webp",
      "location_image": "amuletos_img/24.webp"
    },
    {
      "id": 25,
      "name": "Baldur Shell",
      "description": "Protects the bearer with a hard shell while focusing SOUL. The shell will break after absorbing too much damage.",
      "notches": 2,
      "icon": "amuletos_icon/25.webp",
      "notches_image": "amuletos_icon/SoulCost.webp",
      "location_image": "amuletos_img/25.webp"
    },
    {
      "id": 26,
      "name": "Flukenest",
      "description": "Transforms the Vengeful Spirit spell into a horde of volatile baby flukes.",
      "notches": 3,
      "icon": "amuletos_icon/26.webp",
      "notches_image": "amuletos_icon/SoulCost.webp",
      "location_image": "amuletos_img/26.webp"
    },
    {
      "id": 27,
      "name": "Defender's Crest",
      "description": "Causes the bearer to emit a heroic odour. Bestowed by the King of Hallownest to his most loyal knight.",
      "notches": 1,
      "icon": "amuletos_icon/27.webp",
      "notches_image": "amuletos_icon/SoulCost.webp",
      "location_image": "amuletos_img/27.webp"
    },
    {
      "id": 28,
      "name": "Glowing Womb",
      "description": "Drains the bearer's SOUL to birth hatchlings that will sacrifice themselves to protect their parent.",
      "notches": 2,
      "icon": "amuletos_icon/28.webp",
      "notches_image": "amuletos_icon/SoulCost.webp",
      "location_image": "amuletos_img/28.webp"
    },
    {
      "id": 29,
      "name": "Quick Focus",
      "description": "Increases the speed of focusing SOUL, allowing the bearer to heal damage faster.",
      "notches": 3,
      "icon": "amuletos_icon/29.webp",
      "notches_image": "amuletos_icon/SoulCost.webp",
      "location_image": "amuletos_img/29.png"
    },
    {
      "id": 30,
      "name": "Deep Focus",
      "description": "Slows down the focus speed but doubles the healing effect.",
      "notches": 4,
      "icon": "amuletos_icon/30.webp",
      "notches_image": "amuletos_icon/SoulCost.webp",
      "location_image": "amuletos_img/30.webp"
    },
    {
      "id": 31,
      "name": "Lifeblood Heart",
      "description": "Grants a coating of lifeblood that protects from a modest amount of damage.",
      "notches": 2,
      "icon": "amuletos_icon/31.webp",
      "notches_image": "amuletos_icon/SoulCost.webp",
      "location_image": "amuletos_img/31.png"
    },
    {
      "id": 32,
      "name": "Lifeblood Core",
      "description": "Grants a large amount of lifeblood protection when resting.",
      "notches": 3,
      "icon": "amuletos_icon/32.webp",
      "notches_image": "amuletos_icon/SoulCost.webp",
      "location_image": "amuletos_img/32.webp"
    },
    {
      "id": 33,
      "name": "Joni's Blessing",
      "description": "Transfigures vital fluids into blue lifeblood, but the bearer can't heal by focusing SOUL.",
      "notches": 4,
      "icon": "amuletos_icon/33.webp",
      "notches_image": "amuletos_icon/SoulCost.webp",
      "location_image": "amuletos_img/33.webp"
    },
    {
      "id": 34,
      "name": "Hiveblood",
      "description": "Slowly heals the bearer's wounds over time without focusing SOUL.",
      "notches": 4,
      "icon": "amuletos_icon/34.webp",
      "notches_image": "amuletos_icon/SoulCost.webp",
      "location_image": "amuletos_img/34.webp"
    },
    {
      "id": 35,
      "name": "Spore Shroom",
      "description": "When focusing SOUL, emits a spore cloud that slowly damages enemies.",
      "notches": 1,
      "icon": "amuletos_icon/35.webp",
      "notches_image": "amuletos_icon/SoulCost.webp",
      "location_image": "amuletos_img/35.webp"
    },
    {
      "id": 36,
      "name": "Sharp Shadow",
      "description": "Allows the bearer to damage enemies when using the Shadow Dash.",
      "notches": 2,
      "icon": "amuletos_icon/36.webp",
      "notches_image": "amuletos_icon/SoulCost.webp",
      "location_image": "amuletos_img/36.webp"
    },
    {
      "id": 37,
      "name": "Shape of Unn",
      "description": "Transforms the bearer into a new shape, allowing them to move while focusing SOUL.",
      "notches": 2,
      "icon": "amuletos_icon/37.webp",
      "notches_image": "amuletos_icon/SoulCost.webp",
      "location_image": "amuletos_img/37.webp"
    },
    {
      "id": 38,
      "name": "Nailmaster's Glory",
      "description": "Increases the bearer's mastery of Nail Arts, allowing them to focus power faster.",
      "notches": 1,
      "icon": "amuletos_icon/38.webp",
      "notches_image": "amuletos_icon/SoulCost.webp",
      "location_image": "amuletos_img/38.png"
    },
    {
      "id": 39,
      "name": "Weaversong",
      "description": "Summons weaverlings to give the lonely bearer companionship and protection.",
      "notches": 2,
      "icon": "amuletos_icon/39.webp",
      "notches_image": "amuletos_icon/SoulCost.webp",
      "location_image": "amuletos_img/39.webp"
    },
    {
      "id": 40,
      "name": "Dream Wielder",
      "description": "Increases the speed of charging the Dream Nail and allows collecting more SOUL.",
      "notches": 1,
      "icon": "amuletos_icon/40.webp",
      "notches_image": "amuletos_icon/SoulCost.webp",
      "location_image": "amuletos_img/40.png"
    },
    {
      "id": 41,
      "name": "Dreamshield",
      "description": "Conjures a shield that follows the bearer and attempts to protect them.",
      "notches": 3,
      "icon": "amuletos_icon/41.webp",
      "notches_image": "amuletos_icon/SoulCost.webp",
      "location_image": "amuletos_img/41.webp"
    },
    {
      "id": 42,
      "name": "Grimmchild",
      "description": "The bearer must seek the Grimmkin flames for the ritual.",
      "notches": 2,
      "icon": "amuletos_icon/42.webp",
      "notches_image": "amuletos_icon/SoulCost.webp",
      "location_image": "amuletos_img/42.webp"
    },
    {
      "id": 43,
      "name": "Carefree Melody",
      "description": "Contains a song of protection that may defend the bearer from damage.",
      "notches": 3,
      "icon": "amuletos_icon/43.webp",
      "notches_image": "amuletos_icon/SoulCost.webp",
      "location_image": "amuletos_img/43.webp"
    },
    {
      "id": 44,
      "name": "Kingsoul",
      "description": "Slowly absorbs limitless SOUL and opens the way to a birthplace.",
      "notches": 5,
      "icon": "amuletos_icon/44.webp",
      "notches_image": "amuletos_icon/SoulCost.webp",
      "location_image": "amuletos_img/44.webp"
    },
    {
      "id": 45,
      "name": "Void Heart",
      "description": "Unifies the void under the bearer's will and cannot be unequipped.",
      "notches": 0,
      "icon": "amuletos_icon/45.webp",
      "notches_image": "amuletos_icon/SoulCost.webp",
      "location_image": "amuletos_img/45.webp"
    }
  ]
}