{
  "senor_desleal": "Лор:  \nЭто существо — древний воин, преданный теми, кто когда-то клялся ему в верности. Теперь, развращённый и озлобленный, он застрял в вечном состоянии ярости и мести. Его нынешняя форма отражает как его мастерство, так и горечь, делая его грозным противником, который сражается с ловкостью и агрессией.\n\nСтратегии:  \n- Этот босс использует быстрые и универсальные атаки мечом. Внимательно наблюдайте за его движениями, чтобы точно уклоняться.  \n- Он выполняет длинные рывки, которые быстро пересекают поле боя. Важно уклоняться от них и сохранять дистанцию.  \n- По мере развития боя его атаки становятся быстрее и сложнее для предсказания. Сохраняйте спокойствие и сосредоточьтесь на изучении его паттернов.  \n- Используйте моменты, когда он восстанавливается после промаха, чтобы контратаковать быстрыми и эффективными ударами.  \n- Постоянно двигайтесь, чтобы избежать попадания в ловушку его рывков или цепочек атак.",
  "maestro_de_almas": "Лор:  \nПовелитель Душ — один из самых сложных боссов, связанный с магическими практиками Халлоунеста. Он — опытный пользователь силы Души, жизненной силы для обитателей королевства, и становится ключевой фигурой в истории Рыцаря. Повелителя Душ можно найти в Святилище Душ, где он превратил своё тело в чудовищную форму, чрезмерно экспериментируя с силой Души. Его одержимость совершенством привела к тому, что он потерял себя в развращении этой силы.\n\nСтратегии:  \n- Повелитель Душ имеет очень динамичный паттерн атак, используя как магические, так и физические атаки своим гвоздём.  \n- В первой фазе Повелитель Душ перемещается по арене, стреляя снарядами Души в различных направлениях. Важно уклоняться от этих снарядов, пытаясь приблизиться для нанесения урона.  \n- Он также призывает сферы Души, которые вращаются вокруг него. Их можно уничтожить, но будьте осторожны, чтобы не получить урон.  \n- Во второй фазе Повелитель Душ становится более агрессивным, используя быстрые рывки и другие непредсказуемые движения.  \n- Используйте моменты между его атаками для нанесения урона, но будьте начеку, так как он может быстро изменить стратегию и удивить вас быстрым ударом.  \n- Бой требует терпения и точности, так что сохраняйте концентрацию и используйте моменты между его атаками для лечения, если это необходимо.",
  "madre_gruz": "Лор:  \nМать Груз — один из самых простых и доступных боссов, но её история остаётся интригующей. Она — гигантское насекомоподобное существо, которое потеряло своё потомство и сражается, чтобы защитить то, что осталось от её детей. Этот бой происходит в Пещере Матери Груз, где мать защищает свою семью любой ценой, пытаясь восстановить баланс в своём разрушенном мире. Она не злобное существо, а мать, делающая всё необходимое для выживания и защиты своих близких.\n\nСтратегии:  \n- Бой с Матерью Груз относительно прост. Её основная атака заключается в выбрасывании яиц, из которых вылупляются Грузлинги.  \n- В начале боя Мать Груз прыгнет на Рыцаря и выполнит атаку с размахом тела.  \n- Используйте время после её атак для нанесения ударов. Её паттерн атак прост: она движется по прямой линии и готовится к прыжку.  \n- Грузлинги могут немного усложнить бой, но их можно быстро устранить, чтобы сосредоточиться на Матери Груз.  \n- Будьте осторожны с её прыжками, так как они наносят урон при попадании, но их легко уклониться с быстрой реакцией.",
  "hermanos_oro_y_mato": "Лор:  \nБратья Оро и Мато — два воина, развращённые Инфекцией. Изначально защитники Халлоунеста, их души были запечатаны в их собственных телах в попытке сохранить их воспоминания. Теперь эти два воина сражаются вместе против Рыцаря в скоординированном бою. Их битва символизирует жертву и страдания Халлоунеста.\n\nСтратегии:  \n- Оро и Мато сражаются как единое целое, что делает бой более сложным. Один из них более агрессивен в атаках, а другой остаётся в обороне, оказывая поддержку.  \n- Оро (старший брат) использует огромный молот для ударов по Рыцарю, а Мато (младший брат) запускает снаряды Души.  \n- Убедитесь, что сохраняете дистанцию от Оро, когда он пытается раздавить вас своим молотом.  \n- Используйте моменты между атаками Мато, чтобы сократить дистанцию и контратаковать, так как Мато старается держаться на расстоянии.  \n- Уклоняйтесь от их скоординированных атак, так как когда оба брата атакуют вместе, они покрывают большую часть арены. Используйте моменты, когда один из них останавливается для длительной атаки, чтобы нанести урон.",
  "mawlek_incubador": "Лор:  \nМолек-Инкубатор — это опциональный босс, расположенный в *Кристальном Пике*, конкретно в *Логове Молека*. Это существо, часто рассматриваемое как мать или страж, играет ключевую роль в биологии Халлоунеста. Молек связан с одной из многих легенд о создании и жизненном цикле насекомых в королевстве. Как следует из его имени, Молек является инкубатором, питающимся жизненной силой других существ и использующим свою способность откладывать яйца для создания новых существ. В бою Молек демонстрирует смесь ловкости и силы, способный призывать меньших насекомых для сражения вместе с ним.\n\nСтратегии:  \n- Молек характеризуется своим быстрым и агрессивным стилем боя. На ранних фазах боя он сосредоточен на быстром перемещении по арене и атаках своим гвоздём.  \n- Босс имеет способность призывать маленьких насекомых во время боя. Эти насекомые раздражают, но обычно не представляют большой угрозы. Убедитесь, что вы быстро устраняете их, чтобы сосредоточиться на Молеке.  \n- В определённые моменты Молек поднимается в воздух и затем запускает отскакивающие снаряды по комнате. Важно освоить движение и прыжки, чтобы уклоняться от этих снарядов.  \n- Ключ к победе над Молеком — сохранять спокойствие. Хотя его атаки быстры и могут застать вас врасплох, паттерн атак предсказуем. Продолжайте двигаться и используйте паузы между его атаками для контратаки.",
  "hornet": "Лор:  \nХорнет — одна из ключевых фигур в истории. Она — дочь Королевы Халлоунеста и имеет глубокую связь с Пустотой, что делает её центральным персонажем в сюжете. Хорнет служит защитницей Халлоунеста, охраняя королевство и поддерживая баланс в земле. Её история отмечена поиском защиты своего народа и своего места в мире, а её битва с Рыцарем — это как испытание силы, так и судьбы.\n\nСтратегии:  \n- Хорнет ловка и быстра, её бой основан на быстрых атаках и прыжках.  \n- Её самая опасная атака — это \"прыжок и удар\", где она прыгает и атакует своим жалом, что требует хорошего времени для уклонения.  \n- Она использует свою способность \"нить-сеть\", чтобы перемещаться по арене и атаковать с расстояния. Чтобы избежать этого, будьте внимательны к её движениям и используйте мобильность Рыцаря для уклонения и контратаки.  \n- Хорнет имеет плавный паттерн атак, и хотя она очень агрессивна, есть моменты, когда она делает паузы, давая вам возможность нанести удар.  \n- Если вы терпеливы и научитесь предугадывать её движения, бой станет более управляемым. Сохраняйте спокойствие и используйте моменты между её атаками.",
  "tremarmita": "Лор:  \nТремарида — грозное существо, обитающее в самых тёмных глубинах Халлоунеста. Когда-то верный страж, она была развращена неизвестными силами, превратившись в сущность чистой разрухи. Её присутствие отравляет окружающую среду, а её сила вызывает землетрясения, сотрясающие землю с каждой атакой.\n\nСтратегии:  \n- Её атаки вызывают толчки на местности. Сохраняйте равновесие и уклоняйтесь от движений, создающих толчки.\n- Используйте прыжки, чтобы избежать атак средней дальности и сохранять мобильность.\n- Когда Тремарида готовит мощную атаку, ищите укрытие за структурами на поле боя, чтобы уменьшить урон.\n- Атакуйте во время фаз восстановления, когда существо медленнее и уязвимо.\n- Наблюдайте за её паттернами движений, чтобы предугадать и противостоять её сейсмическим зарядам.",
  "caballero_vigia": "Лор:  \nРыцари-Стражи — древние механические стражи, задачей которых является защита Шпиля Стража и Сновидца Луриена. Изначально это были живые рыцари, но после их смерти они были превращены в конструкции, оживлённые механизмами и магическими материалами. Теперь они служат последней линией обороны перед достижением Сновидца.\n\nСтратегии:  \n- В бою вы начинаете против одного Рыцаря, но со временем к нему присоединяются другие, вплоть до шести.  \n- Сосредоточьтесь на быстром их уничтожении, чтобы избежать перегруженности.  \n- Их обычные атаки включают в себя рывки в вашу сторону и прыжки с воздуха. Продолжайте двигаться и ищите моменты для уклонения.  \n- Атакуйте после завершения их рывка или после уклонения от их прыжка.  \n- Заряженные атаки могут быть эффективны, если у вас есть время между их паттернами.",
  "rey_vengamosca": "Лор:  \nЭто существо — более крупная и агрессивная версия обычных Мстительных Мух. Как один из доминирующих хищников в своей экосистеме, оно использует свою скорость и ловкость для защиты своей территории и атаки на нарушителей. Оно глубоко подвержено влиянию Инфекции, что делает его ещё более свирепым и решительным устранять любую угрозу.\n\nСтратегии:  \n- Этот босс характеризуется быстрыми воздушными движениями и рывками, направленными на игрока. Следите за его позицией и предугадывайте его движения, чтобы точно уклоняться.  \n- Он может выполнять последовательные рывки и стрелять снарядами. Постоянно двигайтесь, чтобы избежать попадания.  \n- Лучшая возможность для атаки — когда он завершает один из своих рывков и ненадолго зависает в воздухе перед следующим движением.  \n- Используйте дальние атаки, если это возможно, чтобы минимизировать риск прямого контакта с боссом.  \n- Избегайте нахождения слишком близко к стенам, так как босс может загнать вас туда своими быстрыми рывками.",
  "oblobble": "Лор:  \nЭтот враг — парящее, развращённое существо, сформированное заражением, пожирающим Халлоунест. Его взрывная природа и непредсказуемые движения делают его опасным, особенно в тесных пространствах. Хотя он не впечатляет физически, его способность стрелять снарядами и двигаться непредсказуемо делает его сложным противником для неподготовленных.\n\nСтратегии:  \n- Этот босс характеризуется стрельбой взрывными снарядами, которые разлетаются в нескольких направлениях при попадании. Держите дистанцию и следите за траекторией выстрелов.  \n- Его движение парящее и непредсказуемое, поэтому важно предугадывать его движения и атаковать, когда он ближе всего.  \n- Попробуйте атаковать с безопасной позиции и продолжайте двигаться, чтобы избежать попадания в ловушку между его атаками.  \n- Если вы окружены снарядами, сначала уклоняйтесь, прежде чем пытаться атаковать. Терпение — ключ к этой встрече.  \n- Используйте моменты между его атаками для нанесения точных ударов и быстрого устранения.",
  "domador_de_dioses": "Лор:  \nУкротитель Богов — грозный воин, появляющийся в Колизее Глупцов. Этот боец тренировал могущественного зверя, который сражается вместе с ним в яростной комбинации скоординированных атак. Хотя их титул предполагает божественную связь, скорее всего, это отсылка к их мастерству над зверем-компаньоном.\n\nСтратегии:  \n- Бой включает в себя сражение как с Укротителем Богов, так и с его зверем. Сосредоточьтесь на устранении одного из них, чтобы снизить давление.  \n- Зверь выполняет быстрые рывки и прыжки. Оставайтесь мобильными и внимательными к его паттернам.  \n- Укротитель Богов атакует, бросая снаряды на близком расстоянии. Уклоняйтесь и используйте моменты, когда они уязвимы после атаки.  \n- Как только один из них будет побеждён, бой станет более управляемым. Если вы решите сначала сосредоточиться на звере, уклоняйтесь от атак Укротителя, быстро нанося урон зверю.",
  "galien": "Лор:  \nГалиен был воином, искавшим славу и совершенство в бою. Его одержимость доказательством своей ценности привела к преждевременной смерти на окраинах Халлоунеста. Даже после своей смерти его дух остаётся в Покоящихся Землях, запертый своими неосуществлёнными амбициями. Хотя он почётен, его высокомерие и гордость очевидны в его словах.\n\nСтратегии:  \n- Галиен призывает большой спектральный серп, который вращается вокруг него. Держитесь подальше от его траектории, атакуя.  \n- Во время боя появятся меньшие серпы, которые двигаются хаотично. Сосредоточьтесь на уклонении, находя возможности для атаки.  \n- Оставайтесь мобильными и ищите безопасные зоны между серпами для безопасной атаки.  \n- Используйте дальние способности, если вам сложно приблизиться, но убедитесь, что не попадёте в зону его атак.",
  "zote": "Лор:  \nЗот Могучий — хвастливый рыцарь, который путешествовал по Халлоунесту в поисках славы и признания. Несмотря на то, что он не самый искусный воин, его непоколебимая решимость привела его к противостоянию с могущественными противниками. Его высокомерие и отсутствие опыта часто ставят его в затруднительные ситуации, делая его неожиданно сложным противником для тех, кто недооценивает его упорство.\n\nСтратегии:  \n- Наблюдайте за его паттернами атак, чтобы предугадать его рывки и точно уклоняться.\n- Используйте его краткие моменты уязвимости после атак для нанесения значительного урона.\n- Сохраняйте среднюю дистанцию, чтобы избежать его ближних атак, и используйте снаряды, если они доступны.\n- Будьте терпеливы и не позволяйте себя запугать его агрессивными движениями; сосредоточьтесь на последовательных и своевременных ударах.\n- Используйте окружение в своих интересах, чтобы блокировать его рывки и создавать возможности для контратаки.",
  "caballero_colmena": "Лор:  \nРыцарь Улья — преданный защитник Королевы Улья. Он глубоко предан своему долгу, готовый пожертвовать всем ради своей королевы. Хотя Улей стал изолирован от остального Халлоунеста, этот рыцарь сохраняет свою клятву и яростно сражается, чтобы защитить свой дом и королеву.\n\nСтратегии:  \n- Будьте осторожны с его быстрыми рывками: он может атаковать вас с большой скоростью. Уклоняйтесь назад или используйте точные движения, чтобы избежать его.  \n- Его атаки жалом оставляют следы мёда на земле. Избегайте этих зон, пока они не исчезнут.  \n- Используйте моменты, когда он делает паузу после атаки, чтобы нанести урон.  \n- Используйте атакующие способности во время открытий, особенно когда он делает паузу после рывков.",
  "sin_ojos": "Лор:  \nЭто тёмное существо обитает в теневых глубинах, куда свет едва проникает. Его присутствие вселяет страх в тех, кто осмеливается войти на его территорию, а его движения непредсказуемы и ужасающи. В своей нынешней форме оно излучает тёмную энергию, отражающую его мстительную и разрушительную природу.\n\nСтратегии:  \n- Использует быстрые и неожиданные атаки из теней. Сохраняйте постоянную бдительность, чтобы предугадать его движения.\n- Излучает волны тёмной энергии, требующие точного уклонения.\n- Призывает меньших миньонов, чтобы перегрузить игрока. Сначала устраняйте их быстро.\n- Используйте моменты после его атак для нанесения значительного урона.\n- Сохраняйте спокойствие и управляйте своим пространством, чтобы избежать попадания в ловушку его рывков.",
  "marmu": "Лор:  \nМарму — опциональный босс, расположенный в *Кристальных Пещерах*, области, наполненной насекомыми, тесно связанными с душой и духовностью. Марму — существо, которое, кажется, является смесью насекомого и духовного существа, и бой происходит в окружении кристаллов. Марму считается стражем, тем, кто защищает что-то ценное, в данном случае святилище глубоко в пещере. Марму была защитницей королевства, но со временем она впала в отчаяние, став более жестокой версией себя. Её бой — это проявление её внутренней борьбы и замешательства, вызванного развращением, поразившим Халлоунест.\n\nСтратегии:  \n- Паттерн атак Марму в основном основан на её способности призывать и запускать энергетические сферы.  \n- В первой фазе она сосредоточена на призыве энергетических сфер, которые следуют круговому паттерну. Вы должны обращать внимание на её движения и избегать окружения сферами.  \n- В определённые моменты Марму быстро перемещается по арене и атакует Рыцаря своим гвоздём. Если вы близко к ней, будьте готовы уклониться.  \n- Марму также запускает сферы, которые взрываются на близком расстоянии, нанося значительный урон, если их не избежать. Эти атаки могут казаться лёгкими для предугадывания, но скорость, с которой она их запускает, может застать вас врасплох.  \n- Во второй фазе Марму становится более агрессивной, сочетая быстрые атаки с снарядами и сферами. Используйте моменты, когда Марму делает паузу, чтобы атаковать, и будьте готовы быстро уклоняться.  \n- Сохраняйте концентрацию и используйте моменты между её атаками для лечения, так как в её более сложной фазе Марму становится довольно сложно уклониться.",
  "hollow_knight": "Лор:  \nПустой Рыцарь — главный антагонист игры. Это запечатанная форма рыцаря, который должен был содержать Инфекцию внутри себя. Это существо, тень Рыцаря, было создано, чтобы быть сосудом Пустоты, но потерпело неудачу в своей задаче и поддалось развращению. Пустой Рыцарь находится в Храме Пустоты, где его судьба запечатана: сражаться до конца, защищая сердце Пустоты, даже несмотря на то, что он потерял осознание своей миссии. Рыцарь сталкивается с ним, чтобы принять свою судьбу и положить конец Инфекции, пожирающей Халлоунест.\n\nСтратегии:  \n- Пустой Рыцарь — прямой босс с быстрыми и предсказуемыми атаками. Его паттерн боя вращается вокруг цикла движений, включая прыжки, рывки и удары своим гвоздём.  \n- Во время боя его гвоздь удлиняется в сторону Рыцаря с дальними атаками. Держите дистанцию, но будьте готовы быстро уклоняться.  \n- Будьте осторожны с его прыжком, когда Пустой Рыцарь поднимается в воздух и падает на Рыцаря, нанося урон при приземлении.  \n- Используйте моменты после его более мощных атак (например, рывка) для нанесения урона.  \n- Сохраняйте спокойствие во время более интенсивных моментов боя, так как Пустой Рыцарь становится более агрессивным по мере уменьшения его здоровья.",
  "senores_mantis": "Лор:  \nПовелители Мантис — древние стражники священных лесов. С ловкими движениями и мудростью, насчитывающей тысячелетия, они защищают природный баланс, сталкиваясь с любым, кто пытается развратить их владения. Их внушительный вид и смертоносные навыки делают их уважаемыми и страшными противниками.\n\nСтратегии:  \n- Они используют быстрые атаки клинками и впечатляющие прыжки. Сохраняйте безопасную дистанцию и уклоняйтесь от их движений с точностью.\n- Выполняют многонаправленные рывки. Наблюдайте за их паттернами, чтобы предугадать и избегать их рывков.\n- При получении урона они становятся более агрессивными и быстрыми. Сохраняйте энергию и атакуйте стратегически.\n- Используйте моменты восстановления после их атак для контратаки мощными ударами.\n- Используйте окружение в своих интересах, чтобы ограничить их движения и создать возможности для атаки.",
  "nosk": "Лор:  \nЭтот босс — странное существо, обитающее в глубинах тёмной и искажённой области королевства. Хотя оно может казаться похожим на обитателей королевства, на самом деле это развращённое проявление заражения. Оно скрывается под формой другого существа, чтобы заманить свою добычу и атаковать, являясь идеальным примером того, как развращение распространяется по королевству. Его способность превращаться в существо, похожее на самих обитателей Халлоунеста, делает его особенно опасным, так как оно обманывает неосторожных, заставляя их приблизиться.\n\nСтратегии:  \n- Босс характеризуется своей ловкостью и скоростью в атаках. Он быстро перемещается по полю боя, выполняя прыжки и рывки, покрывающие большие расстояния.  \n- Во время боя он запускает быстрые атаки и рывки в сторону игрока, требуя постоянного уклонения. Он также может призывать меньших существ, которые отвлекают и усложняют бой.  \n- Ключ к противостоянию этому боссу — терпение и контроль над своими движениями. Его паттерн атак предсказуем, так что вам нужно быть внимательным к его рывкам и быстрым ударам.  \n- На протяжении боя босс имеет тенденцию исчезать и появляться, что может дезориентировать игрока. Однако его движения обычно следуют паттерну, так что предугадывание его действий крайне важно.  \n- Продолжайте постоянно двигаться, используйте прыжки для уклонения от его рывков, и когда появляется возможность, быстро атакуйте, чтобы уменьшить его здоровье.",
  "receptaculo_roto": "Лор:  \nЭто существо — неудавшийся сосуд, одна из неудачных попыток сдержать заражение, опустошающее королевство. Хотя его тело всё ещё показывает следы чистоты, с которой оно было создано, теперь оно развращено и захвачено заражением. Его разрушенное состояние и хаотичные движения отражают его внутреннюю борьбу, делая его агрессивной угрозой для любого, кто пересекает его путь.\n\nСтратегии:  \n- Этот босс быстр и использует мощные физические атаки в сочетании с прыжками и рывками. Важно предугадывать его движения, чтобы эффективно уклоняться.  \n- Он выполняет атаки по площади, покрывающие большую часть земли. Наблюдайте за паттернами и перемещайтесь в безопасную зону перед их попаданием.  \n- На более поздних фазах боя он становится более агрессивным, и его паттерны становятся менее предсказуемыми. Сохраняйте спокойствие и сосредоточьтесь на избежании ненужного урона.  \n- Ключ к его победе — находить окна для атаки между его рывками. Используйте быстрые и точные удары в эти моменты, чтобы максимизировать урон, не переусердствуя.  \n- Постоянно двигайтесь, чтобы избежать попадания в последовательные атаки.",
  "el_coleccionista": "Лор:  \nКоллекционер — загадочное существо в Халлоунесте, обитающее в Башне Любви. Одержимый коллекционированием живых образцов, он хранит их в банках, как трофеи. Хотя его внешность похожа на Рыцаря, он, кажется, является искусственным созданием, питаемым Заражением, возможно, созданным Мастером Башни для развлечения или экспериментов.\n\nСтратегии:  \n- Коллекционер быстро перемещается и прыгает по арене, что затрудняет отслеживание его движений.  \n- Избегайте его брошенных банок, так как они выпускают врагов при разрушении. Сосредоточьтесь на уничтожении банок до того, как враги накопятся.  \n- Постоянно двигайтесь, так как он может броситься на вас с небольшим предупреждением.  \n- Используйте окна для атаки, когда он приземляется после прыжка или ненадолго останавливается, чтобы бросить банки.",
  "uumuu": "Лор:  \nУуму — сущность снов, застрявшая между мирами снов и реальности, появляющаяся из глубин подсознания Халлоунеста. Когда-то страж снов, она была развращена тёмными кошмарами, исказившими её сущность. Теперь Ууму бродит по землям снов, сея хаос и бросая вызов тем, кто стремится разгадать тайны её силы.\n\nСтратегии:  \n- Её атаки быстры и основаны на энергии снов. Сохраняйте постоянную мобильность, чтобы уклоняться от её всплесков.\n- Используйте тени в окружении, чтобы предугадать её движения и готовить контратаки.\n- Когда Ууму призывает сферы снов, уничтожайте их быстро, прежде чем они накопят энергию.\n- Используйте моменты уязвимости после её самых мощных атак для нанесения значительного урона.\n- Сохраняйте спокойствие и сосредоточьтесь на конкретных паттернах атак, чтобы эффективно предугадывать и избегать её движений.",
  "el_destello": "Лор:  \nСияние — древнее божество Халлоунеста, воплощающее Свет и противостоящее Пустоте. Её существование и поклонение были забыты после возвышения Бледного Короля, так как он предложил обитателям Халлоунеста обещание вечного королевства, свободного от влияния древних богов. Стремясь к мести, Сияние использовало Заражение, чтобы вторгнуться в умы насекомых, выпустив развращение, которое опустошило королевство.\n\nСтратегии:  \n- Фаза 1: Уклоняйтесь от световых клинков и лучей, падающих с неба. Оставайтесь мобильными и атакуйте, когда она неподвижна.  \n- Фаза 2: Появляются более сложные паттерны с пересекающимися лучами и плавающими платформами. Изучите паттерны и корректируйте свои движения.  \n- Фаза 3: Во время восхождения сосредоточьтесь на избежании атак, поднимаясь, используя платформы для нанесения урона.  \n- Ключ к победе — изучение её паттернов атак и сохранение спокойствия. Приоритет выживания над постоянным нанесением урона.",
  "xero": "Лор:  \nКсеро — эфемерное существо, обитающее в самых мистических уголках Халлоунеста. Когда-то мудрый стражник тайных знаний, Ксеро был поглощён одержимостью запретными знаниями, превратившись в призрачную фигуру, блуждающую между измерениями. Его полупрозрачный вид и сверхъестественные способности делают его загадочным и опасным противником.\n\nСтратегии:  \n- Использует дальнобойные магические атаки, требующие точного предугадывания для уклонения.\n- Использует навыки телепортации для быстрого перемещения по полю боя. Сохраняйте стратегическую позицию, чтобы ограничить его движения.\n- Призывает энергетические барьеры, которые должны быть уничтожены перед атакой. Сначала устраняйте эти барьеры, чтобы создать возможности для атаки.\n- Во время его фаз восстановления атакуйте быстрыми комбинациями ударов, чтобы максимизировать урон.\n- Наблюдайте за его паттернами атак, чтобы определить ключевые моменты и эффективно противостоять его сверхъестественным способностям.",
  "gran_sabio_del_aguijon_sly": "Лор:  \nСлай, известный как Великий Мудрец Гвоздей, — забытый мастер искусства гвоздей. Хотя он изначально появляется как скромный торговец в Дёртмуте, его истинная личность раскрывается, когда Рыцарь доказывает свою ценность, завершая Путь Боли или побеждая нескольких мастеров гвоздей. Слай тренировал некоторых из самых искусных мечников Халлоунеста и глубоко уважает традиции и жертвы.\n\nСтратегии:  \n- Слай — быстрый и ловкий противник, с атаками, покрывающими большие расстояния и имеющими непредсказуемые паттерны.  \n- Уклоняйтесь от его быстрого рывка и атакуйте после завершения его движения.  \n- Будьте осторожны с его ударом вниз. Когда он выполняется, он создаёт удар по земле; держитесь подальше и контратакуйте после уклонения.  \n- По мере развития боя Слай будет выполнять более длинные комбо и увеличивать свою скорость. Сохраняйте спокойствие и отдавайте приоритет уклонению перед постоянной атакой.  \n- Используйте моменты, когда он восстанавливается или завершает атаку, чтобы нанести урон.",
  "grimm": "Лор:  \nГримм — лидер Труппы Гримма, таинственной компании, путешествующей по землям для сбора Сущности Кошмаров. Он и его труппа служат тёмной цели: поддерживать божество, известное как Сердце Кошмаров, питая его этой сущностью. Хотя элегантный и театральный, Гримм — опасное существо с непреклонной целью, и его бой с Рыцарем — это как представление, так и испытание.\n\nСтратегии:  \n- Гримм имеет быстрые, точные движения, такие как всплески огня, акробатические прыжки и дождь шипов, покрывающий арену.  \n- Уклоняйтесь от его атаки огненными шипами, находя промежутки между пламенем.  \n- Во время его атаки дождём шипов продолжайте двигаться и наблюдайте за паттернами, чтобы избежать урона.  \n- Используйте моменты, когда он уязвим после определённых атак, таких как его рывок, для контратаки.  \n- Сохраняйте спокойствие и изучайте его паттерны атак. Этот бой вознаграждает терпение и внимательное наблюдение.",
  "gorb": "Лор:  \nГорб был эксцентричной фигурой в жизни, одержимой достижением высшего состояния существования через медитацию и знания. Его дух теперь бродит по Глуши Духов, бросая вызов путешественникам, чтобы доказать их ценность. Его мантра, \"Восходи! Восходи! Восходи!\" отражает его поиски трансцендентности.\n\nСтратегии:  \n- Горб атакует, призывая спектральные копья, которые исходят из его позиции и расширяются во всех направлениях.  \n- По мере развития боя количество и скорость копий увеличиваются. Сохраняйте спокойствие и ищите промежутки между ними, чтобы двигаться и уклоняться.  \n- Атакуйте быстро между его фазами атак, но избегайте задерживаться слишком близко к его позиции.  \n- Ключ к его победе — наблюдение за паттернами копий и нахождение ритма для уклонения и контратаки.",
  "markoth": "Лор:  \nМаркот — опциональный босс, расположенный в области *Бездны*, месте, населённом *стражами иглы*, группой рыцарей, защищающих королевство и его секреты. Маркот, как и другие стражи, глубоко связан с долгом и жертвой. Он представлен как духовное существо, использующее силу своего гвоздя для призыва мощных энергетических атак. Несмотря на его серьёзный вид, Маркот также кажется несколько меланхоличным и смирившимся, зная, что его долг привёл его к этой неизбежной битве с Рыцарем. Как и другие стражи, Маркот представляет верность и бесконечную борьбу за поддержание порядка в королевстве.\n\nСтратегии:  \n- Маркот имеет предсказуемый паттерн атак, но его атаки могут быть сложными для уклонения из-за скорости их выполнения.  \n- Бой начинается с того, что Маркот атакует с расстояния, призывая энергетические сферы, которые он будет стрелять в Рыцаря. Эти сферы можно уклониться, но важно обращать внимание на паттерн стрельбы.  \n- В дополнение к энергетическим сферам, Маркот будет использовать свой гвоздь для быстрых атак, включая прыжки и рывки в сторону Рыцаря.  \n- После нескольких атак Маркот поднимется в воздух и начнёт запускать энергетические сферы более агрессивно. Используйте моменты, когда он опускается обратно, чтобы атаковать его, но будьте начеку для его воздушных атак.  \n- Как и во многих других боях, ключ в изучении паттерна атак Маркота и терпении. Не торопите бой и сохраняйте концентрацию, так как Маркот может атаковать очень быстро.",
  "false_knight": "Лор:  \nЛожный Рыцарь — огромный Маггот, который украл доспехи павшего рыцаря Халлоунеста. Несмотря на его внушительный вид, его мотивы далеки от благородных: он стремится только защитить свою территорию от нарушителей. Бой с ним раскрывает его истинную форму — слабое и неопытное существо, прячущееся внутри украденных доспехов.\n\nСтратегии:  \n- Уклоняйтесь от его ударов молотом, которые медленны, но имеют широкий радиус. Держитесь подальше от ударных волн, создаваемых при ударе о землю.  \n- Когда он шатается после получения достаточного урона, используйте возможность для быстрой атаки.  \n- Будьте осторожны с обломками, падающими с потолка во время боя, так как они могут нанести вам урон.  \n- Атакуйте открытого Маггота, когда вам удаётся разрушить доспехи. Повторяйте процесс, пока он не будет побеждён.",
  "guardian_de_cristal": "Лор:  \nКристальный Страж — одна из защитных фигур Кристального Пика, области, хранящей древние секреты о создании Халлоунеста. Это механическое и мощное существо находится глубоко в Кристальном Пике, задачей которого является охрана входа в священную камеру, содержащую фрагменты силы. Несмотря на свою цель как защитника, Кристальный Страж был захвачен Заражением, превратившись в свирепого врага.\n\nСтратегии:  \n- Кристальный Страж использует набор атак, основанных на кристаллах и осколках, запуская кристаллические снаряды в Рыцаря.  \n- Уклоняйтесь от кристаллов, падающих с потолка, и его снарядных атак, но оставайтесь близко, чтобы предотвратить его перезарядку.  \n- Атакуйте после того, как он выполнит мощную атаку, такую как его рывок или запуск кристаллов.  \n- Используйте платформы окружения в своих интересах для уклонения и атаки в нужные моменты.  \n- Ключ к его победе — продолжать постоянно двигаться, избегая атак и ища возможности для быстрого нанесения урона.",
  "anciano_hu": "Лор:  \nСтарец Ху был древним мудрецом королевства Халлоунест, глубоко связанным с духовными аспектами своего народа. После его смерти его дух остался запертым, и теперь он появляется как призрачная фигура, корчащаяся в своём недовольстве. Он часто размышляет о неизбежности смерти и забвения.\n\nСтратегии:  \n- Наблюдайте за его атакующими кольцами: Ху бросает спектральные кольца, которые расширяются наружу. Оставайтесь мобильными и уклоняйтесь через промежутки.  \n- Оставайтесь близко к земле, когда окружены кольцами, так как прыжки могут усложнить уклонение.  \n- Используйте дальние атаки, такие как Теневой Дух или амулеты, такие как \"Камень Шамана\".  \n- Если используете ближний бой, атакуйте между его атаками и продолжайте двигаться, чтобы избежать попадания в угол.",
  "maestro_de_pintura_sheo": "Лор:  \nМастер Живописи Шео — уникальный босс, принадлежащий к *Опциональным Боссам*, с которыми вы можете столкнуться во время вашего путешествия. Шео — талантливый художник, проживающий в *Расписном Доме* в области *Королевских Садов*, и его искусство имеет глубокую связь с историей Халлоунеста. Он — меланхоличная фигура, посвящающая себя созданию своих работ, наблюдая за опустошением королевства. Хотя он кажется спокойным персонажем, при столкновении с Рыцарем он доказывает, что является мастером использования искусства как формы боя. Его бой, полный снарядов и художественных атак, является как вызовом, так и произведением искусства.\n\nСтратегии:  \n- Бой с Шео не слишком сложен, но вращается вокруг его атак картинами, которые он запускает как снаряды.  \n- Шео призывает магические холсты, которые стреляют цветными снарядами, наносящими урон Рыцарю при касании. Важно точно уклоняться от этих снарядов.  \n- Во время боя Шео позиционируется в разных точках для запуска своих атак. Обращайте внимание на его движение и используйте моменты между его атаками, чтобы приблизиться и нанести урон.  \n- Будьте осторожны с большими холстами, которые Шео бросает по полю боя. Эти холсты могут создать зону атаки, заставляя вас быстро двигаться, чтобы избежать урона.  \n- Хотя его атаки могут казаться безобидными, паттерн стрельбы может быть сложным для уклонения, когда вы окружены холстами. Продолжайте двигаться и не попадайте в ловушку.",
  "defensor_del_estiercol": "Лор:  \nЗащитник Навоза, известный как Огрим, был одним из Пяти Великих Рыцарей Халлоунеста. Он остаётся верным своему королю и сражается с честью, даже после падения королевства. Теперь он обитает в глубинах канализационной системы, где защищает трубы и с гордостью вспоминает славные дни своей службы.\n\nСтратегии:  \n- Его основные атаки включают в себя бросание навозных шаров, которые непредсказуемо отскакивают по арене. Продолжайте двигаться, чтобы избежать их.  \n- Когда он зарывается в землю, готовьтесь уклониться, так как он может быстро появиться для удара.  \n- Используйте моменты, когда он занят бросанием навоза, чтобы приблизиться и атаковать безопасно.  \n- Обращайте внимание на его паттерны атак; хотя они кажутся хаотичными, они следуют ритму, который можно изучить и предугадать.",
  "musgoagresor_gigante": "Лор:  \nЭтот босс — гигантская версия агрессивного существа, обитающего в глубинах королевства. Изменённое развращением, оно стало больше, сильнее и опаснее. Его огромный размер и агрессия делают его грозным вызовом для искателей приключений. Оно известно своими атаками с разгоном и способностью выпускать ядовитые споры, покрывающие поле боя. Кроме того, во второй фазе боя оно может призывать меньших компаньонов, добавляя сложности в схватку.\n\nСтратегии:  \n- Босс движется медленно, но его атаки мощны. Он использует атаки с разгоном и раздавливанием своим массивным телом.  \n- Во время боя он может выпускать ядовитые споры, которые влияют на область боя, заставляя игрока продолжать двигаться, чтобы избежать урона.  \n- Хотя его атаки медленны, они наносят значительный урон, поэтому важно сохранять дистанцию и точно уклоняться.  \n- На более поздних фазах он может призывать меньших существ, которые окружают вас. Эти дополнительные враги отвлекают и усложняют бой, поэтому рекомендуется быстро их устранять.  \n- Используйте моменты между его атаками и используйте пространство арены в своих интересах для нанесения быстрых ударов и избежания попадания.",
  "guerrero_del_alma": "Лор:  \nВоин Души — однажды сильный и почётный воин, который был развращён тьмой Заражения, опустошающего Халлоунест. Его душа была запечатана в Святилище Душ, где он стал призрачным стражем, бросающим вызов любым нарушителям. Хотя он является отражением Рыцаря, он стал полностью хаотичным и опасным, стремясь к совершенству в битве души.\n\nСтратегии:  \n- Воин Души имитирует способности Рыцаря, такие как рывок, прыжки и использование способностей души, таких как \"Удар Души\".  \n- Уклоняйтесь от его атак души, которые запускаются быстро и точно, особенно снарядов души.  \n- Используйте моменты, когда он останавливается или готовится к мощной атаке, чтобы контратаковать.  \n- Сохраняйте спокойствие и наблюдайте за его паттернами атак. Воин Души предсказуем, если вы внимательно следите.  \n- Используйте свои способности души для отражения урона и увеличения шансов атаковать, когда он ослабевает после определённых движений."
}