{
  "charms": [
    {
      "id": 1,
      "name": "Заблудший компас",
      "description": "Шепчет своё местоположение владельцу, когда открыта карта, позволяя странникам определить своё текущее местоположение.",
      "notches": 1,
      "icon": "amuletos_icon/1.webp",
      "notches_image": "amuletos_icon/SoulCost.webp",
      "location_image": "amuletos_img/1.png"
    },
    {
      "id": 2,
      "name": "Рой собирателей",
      "description": "Рой будет следовать за владельцем и собирать любую потерянную Гео. Полезно для тех, кто не может оставить что-либо позади.",
      "notches": 1,
      "icon": "amuletos_icon/2.webp",
      "notches_image": "amuletos_icon/SoulCost.webp",
      "location_image": "amuletos_img/2.png"
    },
    {
      "id": 3,
      "name": "Стойкий панцирь",
      "description": "Увеличивает устойчивость. После получения урона владелец будет оставаться неуязвимым дольше, что облегчает побег из опасных ситуаций.",
      "notches": 2,
      "icon": "amuletos_icon/3.webp",
      "notches_image": "amuletos_icon/SoulCost.webp",
      "location_image": "amuletos_img/3.png"
    },
    {
      "id": 4,
      "name": "Ловец душ",
      "description": "Используется шаманами для получения большего количества ДУШ из окружающего мира. Увеличивает количество ДУШ, получаемое при ударе по врагу.",
      "notches": 2,
      "icon": "amuletos_icon/4.webp",
      "notches_image": "amuletos_icon/SoulCost.webp",
      "location_image": "amuletos_img/4.webp"
    },
    {
      "id": 5,
      "name": "Камень шамана",
      "description": "Говорят, что содержит знания прошлых поколений шаманов. Увеличивает силу заклинаний, нанося больше урона врагам.",
      "notches": 3,
      "icon": "amuletos_icon/5.webp",
      "notches_image": "amuletos_icon/SoulCost.webp",
      "location_image": "amuletos_img/5.png"
    },
    {
      "id": 6,
      "name": "Пожиратель душ",
      "description": "Забытый артефакт шаманов, используемый для извлечения ДУШ из живых существ. Значительно увеличивает количество ДУШ, получаемое при ударе по врагу.",
      "notches": 4,
      "icon": "amuletos_icon/6.webp",
      "notches_image": "amuletos_icon/SoulCost.webp",
      "location_image": "amuletos_img/6.webp"
    },
    {
      "id": 7,
      "name": "Мастер рывка",
      "description": "Изображает эксцентричного жука, известного как \"Мастер рывка\". Владелец сможет чаще совершать рывки, включая рывок вниз.",
      "notches": 2,
      "icon": "amuletos_icon/7.webp",
      "notches_image": "amuletos_icon/SoulCost.webp",
      "location_image": "amuletos_img/7.webp"
    },
    {
      "id": 8,
      "name": "Мастер спринта",
      "description": "Изображает странного жука, известного как \"Мастер спринта\". Увеличивает скорость бега владельца.",
      "notches": 1,
      "icon": "amuletos_icon/8.webp",
      "notches_image": "amuletos_icon/SoulCost.webp",
      "location_image": "amuletos_img/8.png"
    },
    {
      "id": 9,
      "name": "Песнь личинки",
      "description": "Благодарность освобождённых личинок. Получайте ДУШ при получении урона.",
      "notches": 1,
      "icon": "amuletos_icon/9.webp",
      "notches_image": "amuletos_icon/SoulCost.webp",
      "location_image": "amuletos_img/9.png"
    },
    {
      "id": 10,
      "name": "Элегия личинки",
      "description": "Содержит благодарность личинок, переходящих на следующий этап своей жизни. Когда владелец находится на полном здоровье, он будет выпускать лучи энергии из своего гвоздя.",
      "notches": 3,
      "icon": "amuletos_icon/10.webp",
      "notches_image": "amuletos_icon/SoulCost.webp",
      "location_image": "amuletos_img/10.png"
    },
    {
      "id": 11,
      "name": "Хрупкое сердце",
      "description": "Увеличивает здоровье владельца. Этот амулет хрупкий и сломается, если владелец погибнет.",
      "notches": 2,
      "icon": "amuletos_icon/11.webp",
      "notches_image": "amuletos_icon/SoulCost.webp",
      "location_image": "amuletos_img/11.png"
    },
    {
      "id": 12,
      "name": "Несокрушимое сердце",
      "description": "Увеличивает здоровье владельца. Этот амулет несокрушим.",
      "notches": 2,
      "icon": "amuletos_icon/12.webp",
      "notches_image": "amuletos_icon/SoulCost.webp",
      "location_image": "amuletos_img/12.png"
    },
    {
      "id": 13,
      "name": "Хрупкая жадность",
      "description": "Позволяет владельцу находить больше Гео при победе над врагами. Этот амулет хрупкий и сломается, если владелец погибнет.",
      "notches": 2,
      "icon": "amuletos_icon/13.webp",
      "notches_image": "amuletos_icon/SoulCost.webp",
      "location_image": "amuletos_img/13.png"
    },
    {
      "id": 14,
      "name": "Несокрушимая жадность",
      "description": "Позволяет владельцу находить больше Гео при победе над врагами. Этот амулет несокрушим.",
      "notches": 2,
      "icon": "amuletos_icon/14.webp",
      "notches_image": "amuletos_icon/SoulCost.webp",
      "location_image": "amuletos_img/14.png"
    },
    {
      "id": 15,
      "name": "Хрупкая сила",
      "description": "Увеличивает силу владельца, повышая урон гвоздя. Этот амулет хрупкий и сломается, если владелец погибнет.",
      "notches": 3,
      "icon": "amuletos_icon/15.webp",
      "notches_image": "amuletos_icon/SoulCost.webp",
      "location_image": "amuletos_img/15.png"
    },
    {
      "id": 16,
      "name": "Несокрушимая сила",
      "description": "Увеличивает силу владельца, повышая урон гвоздя. Этот амулет несокрушим.",
      "notches": 3,
      "icon": "amuletos_icon/16.webp",
      "notches_image": "amuletos_icon/SoulCost.webp",
      "location_image": "amuletos_img/16.png"
    },
    {
      "id": 17,
      "name": "Искатель заклинаний",
      "description": "Улучшает способность владельца использовать заклинания, уменьшая стоимость ДУШ для их применения.",
      "notches": 2,
      "icon": "amuletos_icon/17.webp",
      "notches_image": "amuletos_icon/SoulCost.webp",
      "location_image": "amuletos_img/17.webp"
    },
    {
      "id": 18,
      "name": "Твёрдое тело",
      "description": "Предотвращает отдачу при ударе по врагу, позволяя совершать непрерывные атаки.",
      "notches": 1,
      "icon": "amuletos_icon/18.webp",
      "notches_image": "amuletos_icon/SoulCost.webp",
      "location_image": "amuletos_img/18.png"
    },
    {
      "id": 19,
      "name": "Мощный удар",
      "description": "Увеличивает силу удара гвоздём, заставляя врагов отлетать дальше при попадании.",
      "notches": 2,
      "icon": "amuletos_icon/19.webp",
      "notches_image": "amuletos_icon/SoulCost.webp",
      "location_image": "amuletos_img/19.png"
    },
    {
      "id": 20,
      "name": "Быстрый удар",
      "description": "Позволяет владельцу наносить удары гвоздём гораздо быстрее.",
      "notches": 3,
      "icon": "amuletos_icon/20.webp",
      "notches_image": "amuletos_icon/SoulCost.webp",
      "location_image": "amuletos_img/20.webp"
    },
    {
      "id": 21,
      "name": "Длинный гвоздь",
      "description": "Увеличивает дальность удара гвоздём, позволяя атаковать врагов с большего расстояния.",
      "notches": 2,
      "icon": "amuletos_icon/21.webp",
      "notches_image": "amuletos_icon/SoulCost.webp",
      "location_image": "amuletos_img/21.png"
    },
    {
      "id": 22,
      "name": "Знак гордости",
      "description": "Значительно увеличивает дальность удара гвоздём, дарованный племенем Мантис тем, кого они уважают.",
      "notches": 3,
      "icon": "amuletos_icon/22.webp",
      "notches_image": "amuletos_icon/SoulCost.webp",
      "location_image": "amuletos_img/22.webp"
    },
    {
      "id": 23,
      "name": "Ярость падших",
      "description": "Увеличивает силу владельца, когда он близок к смерти.",
      "notches": 2,
      "icon": "amuletos_icon/23.webp",
      "notches_image": "amuletos_icon/SoulCost.webp",
      "location_image": "amuletos_img/23.webp"
    },
    {
      "id": 24,
      "name": "Шипы агонии",
      "description": "При получении урона выпускает колючие лозы, которые наносят урон ближайшим врагам.",
      "notches": 1,
      "icon": "amuletos_icon/24.webp",
      "notches_image": "amuletos_icon/SoulCost.webp",
      "location_image": "amuletos_img/24.webp"
    },
    {
      "id": 25,
      "name": "Панцирь Бальдура",
      "description": "Защищает владельца твёрдым панцирем во время концентрации ДУШ. Панцирь сломается после поглощения слишком большого урона.",
      "notches": 2,
      "icon": "amuletos_icon/25.webp",
      "notches_image": "amuletos_icon/SoulCost.webp",
      "location_image": "amuletos_img/25.webp"
    },
    {
      "id": 26,
      "name": "Гнездо флюков",
      "description": "Преобразует заклинание \"Дух мщения\" в орду нестабильных детёнышей флюков.",
      "notches": 3,
      "icon": "amuletos_icon/26.webp",
      "notches_image": "amuletos_icon/SoulCost.webp",
      "location_image": "amuletos_img/26.webp"
    },
    {
      "id": 27,
      "name": "Герб защитника",
      "description": "Заставляет владельца источать героический аромат. Пожалован Королём Халлоунеста своему самому верному рыцарю.",
      "notches": 1,
      "icon": "amuletos_icon/27.webp",
      "notches_image": "amuletos_icon/SoulCost.webp",
      "location_image": "amuletos_img/27.webp"
    },
    {
      "id": 28,
      "name": "Светящееся лоно",
      "description": "Высасывает ДУШ владельца, чтобы породить детёнышей, которые будут жертвовать собой, чтобы защитить своего родителя.",
      "notches": 2,
      "icon": "amuletos_icon/28.webp",
      "notches_image": "amuletos_icon/SoulCost.webp",
      "location_image": "amuletos_img/28.webp"
    },
    {
      "id": 29,
      "name": "Быстрая концентрация",
      "description": "Увеличивает скорость концентрации ДУШ, позволяя владельцу быстрее восстанавливать здоровье.",
      "notches": 3,
      "icon": "amuletos_icon/29.webp",
      "notches_image": "amuletos_icon/SoulCost.webp",
      "location_image": "amuletos_img/29.png"
    },
    {
      "id": 30,
      "name": "Глубокая концентрация",
      "description": "Замедляет скорость концентрации, но удваивает эффект лечения.",
      "notches": 4,
      "icon": "amuletos_icon/30.webp",
      "notches_image": "amuletos_icon/SoulCost.webp",
      "location_image": "amuletos_img/30.webp"
    },
    {
      "id": 31,
      "name": "Сердце жизненной силы",
      "description": "Дарует защитное покрытие жизненной силы, которое защищает от небольшого количества урона.",
      "notches": 2,
      "icon": "amuletos_icon/31.webp",
      "notches_image": "amuletos_icon/SoulCost.webp",
      "location_image": "amuletos_img/31.png"
    },
    {
      "id": 32,
      "name": "Ядро жизненной силы",
      "description": "Дарует большое количество защиты жизненной силы при отдыхе.",
      "notches": 3,
      "icon": "amuletos_icon/32.webp",
      "notches_image": "amuletos_icon/SoulCost.webp",
      "location_image": "amuletos_img/32.webp"
    },
    {
      "id": 33,
      "name": "Благословение Джони",
      "description": "Преобразует жизненные жидкости в голубую жизненную силу, но владелец не может лечиться, концентрируя ДУШ.",
      "notches": 4,
      "icon": "amuletos_icon/33.webp",
      "notches_image": "amuletos_icon/SoulCost.webp",
      "location_image": "amuletos_img/33.webp"
    },
    {
      "id": 34,
      "name": "Кровь улья",
      "description": "Медленно залечивает раны владельца со временем без концентрации ДУШ.",
      "notches": 4,
      "icon": "amuletos_icon/34.webp",
      "notches_image": "amuletos_icon/SoulCost.webp",
      "location_image": "amuletos_img/34.webp"
    },
    {
      "id": 35,
      "name": "Гриб спор",
      "description": "При концентрации ДУШ выпускает облако спор, которое медленно наносит урон врагам.",
      "notches": 1,
      "icon": "amuletos_icon/35.webp",
      "notches_image": "amuletos_icon/SoulCost.webp",
      "location_image": "amuletos_img/35.webp"
    },
    {
      "id": 36,
      "name": "Острый теневой рывок",
      "description": "Позволяет владельцу наносить урон врагам при использовании теневого рывка.",
      "notches": 2,
      "icon": "amuletos_icon/36.webp",
      "notches_image": "amuletos_icon/SoulCost.webp",
      "location_image": "amuletos_img/36.webp"
    },
    {
      "id": 37,
      "name": "Форма Унна",
      "description": "Преобразует владельца в новую форму, позволяя ему двигаться во время концентрации ДУШ.",
      "notches": 2,
      "icon": "amuletos_icon/37.webp",
      "notches_image": "amuletos_icon/SoulCost.webp",
      "location_image": "amuletos_img/37.webp"
    },
    {
      "id": 38,
      "name": "Слава мастера гвоздя",
      "description": "Увеличивает мастерство владельца в искусстве гвоздя, позволяя быстрее сосредотачивать силу.",
      "notches": 1,
      "icon": "amuletos_icon/38.webp",
      "notches_image": "amuletos_icon/SoulCost.webp",
      "location_image": "amuletos_img/38.png"
    },
    {
      "id": 39,
      "name": "Песнь ткачей",
      "description": "Призывает ткачей, чтобы дать одинокому владельцу компанию и защиту.",
      "notches": 2,
      "icon": "amuletos_icon/39.webp",
      "notches_image": "amuletos_icon/SoulCost.webp",
      "location_image": "amuletos_img/39.webp"
    },
    {
      "id": 40,
      "name": "Владыка снов",
      "description": "Увеличивает скорость зарядки Гвоздя снов и позволяет собирать больше ДУШ.",
      "notches": 1,
      "icon": "amuletos_icon/40.webp",
      "notches_image": "amuletos_icon/SoulCost.webp",
      "location_image": "amuletos_img/40.png"
    },
    {
      "id": 41,
      "name": "Щит снов",
      "description": "Создаёт щит, который следует за владельцем и пытается защитить его.",
      "notches": 3,
      "icon": "amuletos_icon/41.webp",
      "notches_image": "amuletos_icon/SoulCost.webp",
      "location_image": "amuletos_img/41.webp"
    },
    {
      "id": 42,
      "name": "Дитя Гримма",
      "description": "Владелец должен искать пламя Гримма для ритуала.",
      "notches": 2,
      "icon": "amuletos_icon/42.webp",
      "notches_image": "amuletos_icon/SoulCost.webp",
      "location_image": "amuletos_img/42.webp"
    },
    {
      "id": 43,
      "name": "Беззаботная мелодия",
      "description": "Содержит песню защиты, которая может защитить владельца от урона.",
      "notches": 3,
      "icon": "amuletos_icon/43.webp",
      "notches_image": "amuletos_icon/SoulCost.webp",
      "location_image": "amuletos_img/43.webp"
    },
    {
      "id": 44,
      "name": "Душа короля",
      "description": "Медленно поглощает безграничную ДУШ и открывает путь к месту рождения.",
      "notches": 5,
      "icon": "amuletos_icon/44.webp",
      "notches_image": "amuletos_icon/SoulCost.webp",
      "location_image": "amuletos_img/44.webp"
    },
    {
      "id": 45,
      "name": "Сердце пустоты",
      "description": "Объединяет пустоту под волей владельца и не может быть снято.",
      "notches": 0,
      "icon": "amuletos_icon/45.webp",
      "notches_image": "amuletos_icon/SoulCost.webp",
      "location_image": "amuletos_img/45.webp"
    }
  ]
}