{
  "1": "[b][u]Как получить:[/u][/b]\nКупить у Исельды в Дёртмуте за [b][u]220 Гео[/u][/b] после первой встречи с Корнифером, картографом.\n\n[b][u]Польза:[/u][/b]\nЭтот амулет полезен для исследования, особенно на ранних этапах игры.\n\nРекомендуется заменить его на боевые предметы при подготовке к сражению с крупными врагами, такими как боссы.",
  "2": "Получен от Слая в Дёртмуте после изучения 3 Искусств Гвоздя у Мастеров Гвоздя:\n\nМастер Гвоздя Оро в Краю Королевства\nМастер Гвоздя Мато в Воющих Утёсах\nМастер Гвоздя Шео в Зелёной Тропе\n[b][u]Польза:[/u][/b]\nЭто один из лучших амулетов, занимающих 1 ячейку, наряду с Песней Личинок. Он позволяет быстро очищать области и очень полезен в Колизее Глупцов, где необходимо убивать врагов одним ударом. Важно отметить, что он предназначен для ближнего боя, а не для использования заклинаний.",
  "3": "Купить у Слая в Дёртмуте за [b][u]200 Гео[/u][/b].\n\n[b][u]Польза:[/u][/b]\nЭтот амулет очень эффективен против определённых боссов с трудными для уклонения атаками. Он предоставляет больше времени для атаки босса, что в некоторых случаях позволяет подавить их чисто за счёт урона.\n\nТакже полезен в Испытании Глупца, так как в некоторых раундах сложно уклониться от всех врагов.",
  "4": "Найден в конце Древнего Кургана после победы над Старшим Бальдуром.\n\n[b][u]Польза:[/u][/b]\nЭто один из первых амулетов, полученных в игре. Его эффект не особенно значителен, но он полезен, так как позволяет игроку чаще лечиться. Кроме того, поскольку он занимает меньше ячеек, он более практичен, чем амулет Пожиратель Душ.",
  "5": "Купить у Салубры за [b][u]220 Гео[/u][/b] в Забытых Перекрёстках.\n\n[b][u]Польза:[/u][/b]\nЭтот амулет увеличивает урон заклинаний на 33%-51%, в зависимости от используемого заклинания.",
  "6": "Найден в Покоящихся Землях и требует заклинания Пустое Погружение.\n\nИспользуйте Пустое Погружение на гробнице, расположенной чуть ниже станции Жука, и направляйтесь вправо. Амулет находится рядом со статуей шамана.\n\n[b][u]Польза:[/u][/b]\nЭтот амулет позволяет быстро накапливать ДУШ, но занимает 4 ячейки, что сильно ограничивает возможности игрока. В большинстве случаев амулет Ловец Душ оказывается более эффективным.",
  "7": "Найден под статуей в Деревне Мантис, расположенной в Грибных Пустошах, недалеко от входа в Королевские Водоёмы.\n\n[b][u]Польза:[/u][/b]\nВозможность выполнить Быстрый Рывок вниз может быть полезна в определённых платформерных областях или для уклонения от определённых атак. Однако его основное использование — для исследования карты, так как он позволяет перемещаться намного быстрее, чем просто ходьба.",
  "8": "Купить у Слая в Дёртмуте за [b][u]400 Гео[/u][/b], требуется получение Ключа Торговца.\n\n[b][u]Польза:[/u][/b]\nУвеличивает скорость Рыцаря, позволяя ему бегать быстрее.\n\nВ большинстве случаев лучше использовать Плащ Мотылька или Кристальное Сердце напрямую, но в областях, где их нельзя использовать, этот амулет может быть весьма полезен.",
  "9": "Получен от Старого Жука после того, как игрок освободил [b][u]10 Пленных Личинок[/u][/b].\n\n[b][u]Польза:[/u][/b]\nЭто один из лучших амулетов стоимостью в 1 ячейку, так как он предоставляет ДУШ для лечения и компенсации полученного урона. Количество ДУШ, получаемое за удар, недостаточно для полного восстановления всего полученного урона, но с несколькими ударами или с использованием других амулетов, которые помогают собирать больше ДУШ, он становится невероятно полезным в сборке, ориентированной на заклинания.\n\nТакже полезен в платформерных областях, где нет врагов для сбора ДУШ.",
  "10": "Получен от Старого Жука после освобождения [b][u]46 Пленных Личинок[/u][/b].\n\n[b][u]Польза:[/u][/b]\nЭтот амулет сложен в использовании: он наносит только половину урона от Гвоздя, игрок должен иметь все маски, и лучи не дают ДУШ при попадании по врагам.\n\nХорошо сочетается с Быстрым Ударом и Хрупкой Силой, так как они увеличивают урон в секунду. Также полезно экипировать Сердце Жизненной Силы и Ядро Жизненной Силы, так как они позволяют игроку выдержать несколько дополнительных ударов перед потерей эффекта амулета.\n\nПолезен для выполнения испытания с Хрупким Цветком, позволяя игроку убивать врагов с безопасного расстояния.\n\nОднако он не очень эффективен против боссов, за исключением Радианса и Флюкмармы, в случае с которыми он позволяет избежать прыжков или слишком близкого приближения для удара.\n\nДальность снарядов НЕ увеличивается с Длинным Гвоздём или Знаком Гордости.\n\nРазмер лучей увеличивается с Знаком Гордости.",
  "11": "Купить у Пожирателя Ног в Грибных Пустошах за [b][u]350 Гео[/u][/b]. Если у вас есть Герб Защитника, цена снижается до [b][u]280 Гео[/u][/b].\n\nЕсли амулет сломается, Пожиратель Ног починит его за [b][u]200 Гео[/u][/b] или за [b][u]160 Гео[/u][/b], если у вас есть Герб Защитника.\n\n[b][u]Польза:[/u][/b]\nЭтот амулет очень мощный, несмотря на то, что ломается при смерти игрока. Рекомендуется использовать его в ситуациях, где смерть маловероятна, например, во время исследования или битв с Боссами Снов (амулет не сломается, если вы проиграете внутри сна).\n\nОн строго лучше, чем Сердце Жизненной Силы, так как предоставляет 2 обычные маски за ту же стоимость, которые можно восстановить, концентрируя ДУШ.\n\nОсновная проблема амулета — время, необходимое для его починки, если он сломается.\n\nНаконец, стоит отметить, что это один из лучших амулетов для режима Стальной Души, где мы не можем умереть ни при каких обстоятельствах.",
  "12": "После того, как игрок вызвал Труппу Гримма, Дивайн появится в Дёртмуте. Чтобы получить несокрушимую версию Хрупкого Сердца, игрок должен экипировать амулет и поговорить с ней. Она поглотит его и попросит [b][u]12000 Гео[/u][/b] в обмен на улучшенную версию.\n\n[b][u]Польза:[/u][/b]\nЭтот амулет очень мощный, несмотря на то, что ломается при смерти игрока. Рекомендуется использовать его в ситуациях, где смерть маловероятна, например, во время исследования или битв с Боссами Снов (амулет не сломается, если вы проиграете внутри сна).\n\nОн строго лучше, чем Сердце Жизненной Силы, так как предоставляет 2 обычные маски за ту же стоимость, которые можно восстановить, концентрируя ДУШ.\n\nОсновная проблема амулета — время, необходимое для его починки, если он сломается.\n\nНаконец, стоит отметить, что это один из лучших амулетов для режима Стальной Души, где мы не можем умереть ни при каких обстоятельствах.",
  "13": "Купить у Пожирателя Ног в Грибных Пустошах за [b][u]250 Гео[/u][/b]. Если у вас есть Герб Защитника, цена снижается до [b][u]200 Гео[/u][/b].\n\nЕсли амулет сломается, Пожиратель Ног починит его за [b][u]150 Гео[/u][/b] или за [b][u]120 Гео[/u][/b], если у вас есть Герб Защитника.\n\n[b][u]Польза:[/u][/b]\nРекомендуется использовать этот амулет в ситуациях, где смерть маловероятна, например, во время исследования или в режиме Стальной Души.\n\nОсновной недостаток амулета — время, необходимое для его починки, если он сломается.\n\nВ отличие от других хрупких амулетов, Хрупкая Жадность не очень полезна против Боссов Снов, так как они не выпадают Гео.",
  "14": "После того, как игрок вызвал Труппу Гримма, Дивайн появится в Дёртмуте. Чтобы получить несокрушимую версию Хрупкой Жадности, игрок должен экипировать амулет и поговорить с ней. Она поглотит его и попросит [b][u]9000 Гео[/u][/b] в обмен на улучшенную версию.\n\n[b][u]Польза:[/u][/b]\nРекомендуется использовать этот амулет в ситуациях, где смерть маловероятна, например, во время исследования или в режиме Стальной Души.\n\nОсновной недостаток амулета — время, необходимое для его починки, если он сломается.\n\nВ отличие от других хрупких амулетов, Хрупкая Жадность не особенно полезна против Боссов Снов, так как они не выпадают Гео.",
  "15": "Получен от Пожирателя Ног в Грибных Пустошах за [b][u]600 Гео[/u][/b]. Если надеть Герб Защитника, цена снижается до [b][u]480 Гео[/u][/b].\n\nЕсли амулет сломается, Пожиратель Ног починит его за [b][u]350 Гео[/u][/b] или за [b][u]280 Гео[/u][/b], если надеть Герб Защитника.\n\n[b][u]Польза:[/u][/b]\nУвеличивает урон гвоздя на 50%. Не влияет на Острый Теневой Рывок.\n\nЭтот амулет невероятно мощный, так как предоставляет тот же эффект, что и Ярость Падших, на постоянной основе всего за одну дополнительную ячейку. Рекомендуется для ситуаций, где смерть маловероятна, например, во время исследования или в битвах с Боссами Снов (амулет не сломается, если вы проиграете внутри сна).\n\nОсновной недостаток амулета — время, необходимое для его починки, если он сломается.\n\nЭто один из лучших амулетов для режима Стальной Души, где игрок не должен умирать ни при каких обстоятельствах.",
  "16": "После того, как игрок вызвал Труппу Гримма, Дивайн появится в Дёртмуте. Чтобы получить несокрушимую версию Хрупкой Силы, игрок должен экипировать амулет и поговорить с ней. Она поглотит его и попросит [b][u]15000 Гео[/u][/b] в обмен на улучшенную версию.\n\n[b][u]Польза:[/u][/b]\nУвеличивает урон гвоздя на 50%. Не влияет на Острый Теневой Рывок.\n\nЭтот амулет чрезвычайно мощный, так как предоставляет тот же эффект, что и Ярость Падших, на постоянной основе всего за одну дополнительную ячейку. Рекомендуется использовать его в ситуациях, где смерть маловероятна, например, во время исследования или в битвах с Боссами Снов (амулет не сломается, если вы проиграете внутри сна).\n\nОсновной недостаток амулета — время, необходимое для его починки, если он сломается.\n\nЭто один из лучших амулетов для режима Стальной Души, где игрок не должен умирать ни при каких обстоятельствах.",
  "17": "Находится в секретной комнате на вершине Святилища Душ, прямо перед битвой с Повелителем Душ.\n\n[b][u]Польза:[/u][/b]\nЭтот амулет очень полезен в сборке, ориентированной на заклинания, так как, в отличие от других, таких как Пожиратель Душ или Ловец Душ, он не зависит от ударов игрока гвоздём. Тем не менее, в сочетании с любым амулетом, который предоставляет ДУШ, он становится ещё более полезным, чем при использовании в одиночку.\n\nНе снижает стоимость концентрации.",
  "18": "Продаётся у Салубры за 120 Гео в Забытых Перекрёстках.\n\n[b][u]Польза:[/u][/b]\nЭтот амулет часто недооценивают, так как он предотвращает отдачу Рыцаря при ударе по врагам гвоздём. Особенно полезен в платформерных областях Королевских Садов.\n\nОднако Рыцарь всё равно будет отталкиваться при ударе по объектам окружения, таким как шипы или броня врагов, если ударить их сверху.",
  "19": "Продаётся у Слая за 350 Гео в Дёртмуте, требуется передать ему Ключ Торговца.\n\n[b][u]Польза:[/u][/b]\nЭтот амулет особенно полезен против врагов с непрерываемыми атаками, так как часто позволяет оттолкнуть их достаточно, чтобы прервать заряд их атаки.\n\nОднако он не влияет на врагов, которые не получают отдачу, что включает большинство боссов. Рекомендуется заменить его на эти битвы.",
  "20": "Находится в Краю Королевства, на алтаре внутри скрытой комнаты.\n\n[b][u]Польза:[/u][/b]\nЭтот амулет позволяет быстрее атаковать и облегчает попадание по врагам сверху, а также взаимодействие с объектами окружения.",
  "21": "Продаётся у Салубры за 300 Гео.\n\n[b][u]Польза:[/u][/b]\nЭтот амулет увеличивает дальность гвоздя, позволяя игроку держаться на безопасном расстоянии от опасных врагов и облегчая отскок от препятствий.\n\nХотя он предоставляет меньшую дальность, чем Знак Гордости, его легче получить, и он занимает меньше ячеек. В большинстве случаев разница с Знаком Гордости почти незаметна.\n\nНе влияет на дальность Искусств Гвоздя или Элегии Личинок.",
  "22": "Находится в Деревне Мантис, внутри сундука в комнате к северо-востоку от Повелителей Мантис. Доступен только после их победы.\n\n[b][u]Польза:[/u][/b]\nЭтот амулет увеличивает дальность гвоздя, позволяя игроку держаться на безопасном расстоянии от опасных врагов и облегчая отскок от препятствий.\n\nХотя он предоставляет большую дальность, чем Длинный Гвоздь, его сложнее получить, и он занимает больше ячеек.\n\nНе влияет на дальность Искусств Гвоздя или Элегии Личинок.\n\nПри экипировке вместе с Длинным Гвоздём позволяет игроку активировать определённые рычаги, находящиеся за закрытыми дверями. Это поведение, похоже, не является преднамеренным.",
  "23": "Находится в Королевском Проходе.\n\nМы можем добраться до него в начале игры, ударив по шипам во время прыжка, чтобы получить амулет, или вернуться после получения Крыльев Монарха или Когтя Мантиса. Также можно добраться, поднявшись через область, соединяющуюся с Забытыми Перекрёстками, используя Крылья Монарха и Коготь Мантиса.\n\n[b][u]Польза:[/u][/b]\nЭтот амулет увеличивает урон от атак гвоздём, позволяя игроку быстрее убивать врагов.\n\nПоскольку он требует, чтобы игрок находился в состоянии близком к смерти, рекомендуется использовать его только более опытным игрокам, которые могут уклониться от всех атак врагов. В противном случае Быстрая Концентрация может быть лучшей альтернативой, так как позволяет игроку быстрее восстанавливаться во время битвы.",
  "24": "Находится в Зелёной Тропе, внутри лабиринта из шипов. Требуются Крылья Монарха для доступа.\n\n[b][u]Польза:[/u][/b]\nУрон, наносимый шипами, в два раза превышает базовый урон гвоздя, что означает, что внешние улучшения, такие как Хрупкая Сила, не влияют на этот амулет. Важно помнить, что урон, наносимый этим амулетом, не даёт ДУШ, что может быть недостатком в определённых ситуациях.\n\nЭтот амулет особенно эффективен, когда появляется много врагов одновременно, например, в Колизее Глупцов.\n\nНе рекомендуется использовать его в Туманном Каньоне, так как он может навредить медузам, заставляя их выпускать взрывное ядро, которое преследует игрока. Однако он оказывается полезным в большинстве битв, так как компенсирует полученный урон.",
  "25": "Английская версия:\n\nЭтот амулет находится на юго-западе Воющих Утёсов. В этой области есть сундук, содержащий только 1 Гео; если прыгнуть внутрь него, он приведёт нас в пещеру, охраняемую двумя Старшими Бальдурами, где находится амулет.",
  "26": "Награда за победу над Тремаритом в Королевских Водоёмах.\n\n[b][u]Польза:[/u][/b]\nРешение использовать этот амулет — вопрос личных предпочтений. Игрок жертвует дальностью и стабильностью ради возможности наносить до двойного урона. Его использование ограничено стратегиями ближнего боя, так как это пустая трата ДУШ для дальних атак.\n\nТремарид очень эффективен против групп слабых врагов или против боссов с большими хитбоксами.",
  "27": "Награда за победу над Защитником Грязи в Королевских Водоёмах.\n\n[b][u]Польза:[/u][/b]\nПериодически испускает токсичное облако вокруг Рыцаря, нанося от 1 до 3 урона ближайшим врагам за тик.\n\nОблака не очень мощные и имеют очень ограниченный радиус, что делает этот амулет довольно ситуативным.\n\nНе рекомендуется носить его в Туманном Каньоне, так как он наносит урон Уомам, заставляя их взрываться.\n\nВы можете избежать первой встречи с Кристальным Стражем, так как приближение к нему нанесёт ему урон, и он не проснётся, что позволит вам избежать его убийства.",
  "28": "Находится в Забытых Перекрёстках, в секретной комнате справа от области Ложного Рыцаря. Требуется Кристальное Сердце.\n\n[b][u]Польза:[/u][/b]\nПоглощая ДУШ игрока, этот амулет периодически призывает потомство (до максимума 4), которое летает вокруг игрока и атакует ближайшего врага, нанося 7 урона и погибая в процессе.\n\nРешение использовать этот амулет зависит от стиля боя игрока. Особенно рекомендуется для игроков, предпочитающих ближний бой и хорошо уклоняющихся, так как они могут тратить ДУШ, которую не используют на лечение или заклинания.",
  "29": "Продаётся у Салубры за [b]800 Гео[/b] в Забытых Перекрёстках.\n\n[b][u]Польза:[/u][/b]\nЭтот амулет позволяет игроку лечиться в два раза быстрее, что очень полезно против определённых боссов и в ситуациях с множеством врагов, например, в Колизее Глупцов.\n\nПри использовании в сочетании с Глубокой Концентрацией скорость лечения будет такой же, как и по умолчанию; однако с этой комбинацией амулетов мы можем лечить две маски за раз.",
  "30": "Находится в Кристальном Пике, внутри скрытой кристальной пещеры.\n\nНиже области, где игрок встречает Корнифера, есть Шахтёрский Панцирь, копающий стену. Разрушьте эту стену, чтобы открыть секретную область. Требуется Кристальное Сердце.\n\n[b][u]Польза:[/u][/b]\nЕго высокая стоимость и время концентрации затрудняют использование против боссов. Он лучше подходит для областей, где у игрока есть время для отдыха, например, платформерных секций, где он может быть очень полезен в сочетании с Песней Личинок и Кровью Улья. Часто заменяется Быстрой Концентрацией из-за её большей полезности в битвах с боссами и меньшей стоимости в ячейках.",
  "31": "Продаётся у Салубры за 250 Гео в Забытых Перекрёстках.\n\n[b][u]Польза:[/u][/b]\nИгрок получает 2 маски жизненной силы, которые восстанавливаются после отдыха на скамье. Это здоровье нельзя восстановить через концентрацию ДУШ.\n\nКак и Ядро Жизненной Силы, этот амулет полезен для игроков, предпочитающих стиль игры, ориентированный на заклинания, так как позволяет использовать ДУШ для нанесения урона вместо лечения. Его низкая стоимость выгодна, если мы хотим иметь больше свободных ячеек, но 2 маски жизненной силы не очень значительны по сравнению с Ядром Жизненной Силы или другими лечащими амулетами, такими как Быстрая Концентрация или Кровь Улья.\n\nЧто касается боевых стратегий, его часто используют для ближнего боя (поглощая урон и используя моменты неуязвимости) или в стратегиях с заклинаниями, так как, при хорошей игре, он помогает сохранять ДУШ для лечения.",
  "32": "На левой стене Бездны есть пещера, которая открывается только если у игрока 15 или более масок жизненной силы. Их можно получить, разрушая коконы жизненной силы или экипируя амулеты, такие как Сердце Жизненной Силы или Благословение Джони (последний также преобразует маски, предоставляемые Хрупким Сердцем). Амулет находится в конце этой пещеры.\n\nКроме того, в той же области находится Мистическое Яйцо, но как только игрок получит Ядро Жизненной Силы, он будет изгнан из комнаты, и дверь останется закрытой навсегда. Поэтому рекомендуется сначала собрать Мистическое Яйцо, а затем амулет.\n\n[b][u]Польза:[/u][/b]\nПредоставляет 4 маски жизненной силы после отдыха на скамье; эти маски нельзя восстановить через концентрацию ДУШ.\n\nКак и Сердце Жизненной Силы, этот амулет полезен для игроков, предпочитающих стиль игры, ориентированный на заклинания, так как позволяет использовать ДУШ для нанесения урона вместо лечения.\n\nВозможно, это лучший амулет жизненной силы, так как он предоставляет вдвое больше масок, чем Сердце Жизненной Силы, и не преобразует все маски в маски жизненной силы, как Благословение Джони, что позволяет игроку лечиться при необходимости.\n\nЧто касается боевых стратегий, его часто используют для ближнего боя (поглощая урон и используя моменты неуязвимости) или в стратегиях с заклинаниями, так как, при хорошей игре, он помогает сохранять ДУШ для лечения.",
  "33": "Находится в Покое Джони, в пещере в Воющих Утёсах.\n\n[b][u]Польза:[/u][/b]\nЭтот амулет полезен для стратегий ближнего боя и заклинаний, так как устраняет необходимость использовать ДУШ для лечения. Кроме того, он позволяет получить доступ к амулету Ядро Жизненной Силы, значительно увеличивая количество синих масок игрока.",
  "34": "Получен после победы над Рыцарем Улья, пройдя через двери справа и спустившись немного, как указано на карте.\n\n[b][u]Польза:[/u][/b]\n\nЗаменяет текстуру масок жизненной силы на соты, которые будут восстанавливать последнюю потерянную маску через 10 секунд (даже если полученная атака сломала две). Если игрок лечится через концентрацию, текущее восстановление прекратится.\nБудет восстанавливать жизненную силу, предоставляемую Благословением Жизненной Силы, но не ту, что предоставляется Сердцем Жизненной Силы или Ядром Жизненной Силы.\nУстраняет контактный урон от врагов в Улье, делая их пассивными.\nРекомендуется использовать этот амулет в областях, где АЛМА нельзя легко получить, или в битвах с боссами, где лечение затруднено (например, Король Кошмаров).",
  "35": "Этот амулет находится в Грибных Пустошах, недалеко от секретного входа в Королевские Сады и Глубокое Гнездо. Требуется Коготь Мантиса.\n\n[b][u]Польза:[/u][/b]\nОн особенно полезен в бою, особенно при столкновении с несколькими врагами одновременно. Кроме того, он позволяет игроку понимать грибных существ Грибных Пустошей, предоставляя ценные знания об окружении и его обитателях.",
  "36": "Находится в Глубоком Гнезде, к юго-востоку от фонтана Горячих Источников, за Тёмными Вратами. Требуется Теневой Плащ.\n\n[b][u]Польза:[/u][/b]\nВраги, повреждённые Острым Теневым Рывком, не дают ДУШ при поражении. Эта атака может наносить урон врагам, неуязвимым к атакам гвоздём, расширяя тактические возможности игрока.\n\nКроме того, увеличение скорости рывка на 39% может быть особенно полезным против боссов, так как позволяет легче уклоняться от их атак. Однако будьте осторожны, так как это может сделать некоторые платформерные области более сложными для прохождения.",
  "37": "Получен от Унн у Озера Унн. Требуется Слёзы Исмы.\n\n[b][u]Польза:[/u][/b]\nЭтот амулет позволяет Рыцарю двигаться во время концентрации ДУШ. Однако движение ограничено и медленно; игрок не может прыгать или использовать любые способности, позволяющие двигаться в это время. Кроме того, есть анимация в начале и конце концентрации, что может повлиять на эффективность в боевых ситуациях.",
  "38": "Получен от Слая в Дёртмуте после изучения 3 Искусств Гвоздя у Мастеров Гвоздя:\n\nМастер Гвоздя Оро в Краю Королевства\nМастер Гвоздя Мато в Воющих Утёсах\nМастер Гвоздя Шео в Зелёной Тропе\n[b][u]Польза:[/u][/b]\nЭто один из лучших амулетов, занимающих 1 ячейку, наряду с Песней Личинок. Он позволяет быстро очищать области и очень полезен в Колизее Глупцов, где необходимо убивать врагов одним ударом. Важно отметить, что он предназначен для ближнего боя, а не для использования заклинаний.",
  "39": "Находится в Логове Ткачей.\n\n[b][u]Польза:[/u][/b]\nЭтот амулет призывает 3 маленьких ткачей, чьё движение в основном наземное, хотя они также могут прыгать и карабкаться по стенам. Они следуют за Рыцарем и наносят 3 урона при контакте с врагами. Если ткач падает или теряет из виду Рыцаря, его заменит новый. Кроме того, эти маленькие пауки взаимодействуют с Рыцарем; например, когда он садится на скамью, они тоже садятся и ждут.",
  "40": "Получен от Ясновидящей после получения 500 Сущности.\n\n[b][u]Польза:[/u][/b]\nЭто самый эффективный амулет для получения ДУШ благодаря своей низкой стоимости и высокой эффективности. Он удваивает количество ДУШ, получаемое от удара по врагу Гвоздём Снов (с 33% до 66%) и сокращает время зарядки до менее чем половины (с 2.4 секунд до 0.9 секунд). Его единственный недостаток в том, что игрок должен оставаться неподвижным, чтобы использовать его, и он не наносит урона врагам; он только отталкивает их.\n\nЭтот амулет особенно полезен в Колизее Глупцов, так как если мы оставим врага в живых, мы можем использовать его, чтобы заполнить наш счётчик ДУШ и лечиться.\n\nКроме того, он увеличивает шанс выпадения Сущности у врагов:\n\nОбычная вероятность: 0.5%\nСнаряжение Снаряжения Сна: 1%\nЕсли Сущность была потрачена: 2%\nЕсли Сущность была потрачена и амулет экипирован: 4%",
  "41": "Находится за разрушаемой стеной в Покоящихся Землях, прямо под комнатой Ясновидящей.\n\n[b][u]Польза:[/u][/b]\nЩит вращается вокруг Рыцаря, блокируя снаряды и нанося урон врагам.\n\nКаждый раз, когда щит соприкасается с врагом, он наносит урон, эквивалентный урону гвоздя. После соприкосновения щит разрушается и восстанавливается через несколько секунд.\n\nАтака гвоздём заставляет щит заряжаться наружу.\n\nКонцентрация заставляет щит вращаться быстрее и ускоряет его восстановление.\n\nЩит способен наносить урон Кристальным Ползунам.",
  "42": "Получен от Гримма после вызова Труппы Гримма.\n\n[b][u]Польза:[/u][/b]\nЭтот амулет призывает спутника, который становится сильнее с каждой сменой фазы. Он также позволяет Рыцарю взаимодействовать с Гриммом и сражаться против него.",
  "43": "Получен от Нимма после разговора с ним в Дёртмуте. Чтобы получить его, вы должны изгнать Труппу Гримма, что включает:\n\nПобеду над Гриммом.\nРазговор с Бруммом в Глубоком Гнезде.\nТушение пламени в Утёсах Эха без победы над Королём Кошмаров.\n[b][u]Польза:[/u][/b]\nСчётчик ударов не сбрасывается при смерти или снятии амулета, что делает его особенно полезным против лучевых боссов. Этот амулет особенно ценен, когда нет доступных средств для лечения. Кроме того, он позволяет другим амулетам (таким как Шипы Агонии) активироваться одновременно с Беззаботной Мелодией, за исключением Песни Личинок, которая требует получения реального урона.",
  "44": "Сначала вы должны получить обе половины амулета:\n\nОдна половина предоставлена Белой Леди в Королевских Садах.\nДругая половина — награда из Белого Дворца.\nКак только у вас есть обе половины, они автоматически объединяются, образуя полный амулет.\n\n[b][u]Польза:[/u][/b]\nПосле экипировки амулет генерирует 2 ДУШ каждые 4 секунды. Душа Монарха чрезвычайно полезна в платформерных областях, так как не требует, чтобы игрок получал урон для функционирования, в отличие от Кровавого Настоя.\n\nЭтот амулет в основном используется для доступа к секретной области на дне **Бездны**. После этого он обычно навсегда заменяется Сердцем Пустоты. Несмотря на это, он может быть полезен для завершения большинства опциональных боссов или во время битвы с Пустым Рыцарем, максимально используя короткий период, в который его можно использовать.",
  "45": "Находится в Месте Рождения; его вход находится на дне Бездны и откроется только если у игрока экипирована Душа Монарха. В конце области находится яйцо, которое при ударе Гвоздём Снов открывает сцену из прошлого с Бледным Королём.\n\n[b][u]Польза:[/u][/b]\nОткрывает вторую и третью концовки игры, где Хорнет помогает Рыцарю в битве с Пустым Рыцарем. Как только игрок получил Сердце Пустоты, он больше не может достичь первой концовки без начала новой игры.\n\nЭтот амулет делает Тень и Братьев игрока невраждебными, так что они не вредят Рыцарю. Кроме того, он позволяет уничтожить их одним ударом и предотвращает появление новых Щупалец Пустоты.\n\nАмулет заменяет Душу Монарха и не может быть снят. Однако он теряет свои эффекты и не занимает ячейки амулетов.\n\nОн также открывает новые диалоги с Исповедницей Джиджи, Стальной Душой Джинн, Белой Леди, Хорнет и Бардуном."
}