{
    "metadata": {
      "1": {
        "coords": [
          299.65,
          236.67,
          477.14,
          155.46
        ],
        "image": "zonas/city_of_tears.png"
      },
      "2": {
        "coords": [
          27,
          220,
          120,
          171
        ],
        "image": "zonas/queens_gardens.png"
      },
      "3": {
        "coords": [
          6,
          160,
          214,
          60
        ],
        "image": "zonas/nido_profundo.png"
      },
      "4": {
        "coords": [
          254,
          60,
          464,
          8
        ],
        "image": "zonas/cuenca_antigua.png"
      },
      "5": {
        "coords": [
          518.91,
          104.8,
          614.11,
          46.5
        ],
        "image": "zonas/colmena.png"
      },
      "6": {
        "coords": [
          298,
          141,
          481,
          82
        ],
        "image": "zonas/canales_reales.png"
      },
      "7": {
        "coords": [
          520,
          237,
          620,
          117
        ],
        "image": "zonas/limites_del_reino.png"
      },
      "8": {
        "coords": [
          208,
          209,
          289,
          168
        ],
        "image": "zonas/paramos_fungicos.png"
      },
      "9": {
        "coords": [
          161,
          246,
          199,
          197
        ],
        "image": "zonas/canon_nublado.png"
      },
      "10": {
        "coords": [
          378,
          273,
          539,
          255
        ],
        "image": "zonas/tierras_del_reposo.png"
      },
      "11": {
        "coords": [
          232,
          303,
          368,
          263
        ],
        "image": "zonas/cruces_olvidados.png"
      },
      "12": {
        "coords": [
          26,
          303,
          210,
          259
        ],
        "image": "zonas/sendero_verde.png"
      },
      "13": {
        "coords": [
          377,
          394,
          462,
          287
        ],
        "image": "zonas/cumbre_de_cristal.png"
      },
      "14": {
        "coords": [
          222,
          354,
          319,
          312
        ],
        "image": "zonas/boca_sucia.png"
      },
      "15": {
        "coords": [
          91,
          393,
          192,
          319
        ],
        "image": "zonas/acantilados_aulladores.png"
      },
      "16": {
        "coords": [
          480,
          305,
          535,
          262
        ],
        "image": "zonas/tierras_del_reposo.png"
      }
    },
    "names": {
      "1": "Город Слёз",
      "2": "Королевские Сады",
      "3": "Глубокое Гнездо",
      "4": "Древняя Впадина",
      "5": "Улей",
      "6": "Королевские Водоёмы",
      "7": "Край Королевства",
      "8": "Грибные Пустоши",
      "9": "Туманный Каньон",
      "10": "Покоящиеся Земли",
      "11": "Забытые Перекрёстки",
      "12": "Зелёная Тропа",
      "13": "Кристальный Пик",
      "14": "Дёртмут",
      "15": "Воющие Утёсы",
      "16": "Покоящиеся Земли"
    }
  }