{
  "senor_desleal": "Lore:  \nEste ser es un antiguo guerrero traicionado por quienes una vez juraron lealtad hacia él. Ahora, corrompido y resentido, se encuentra atrapado en un estado eterno de ira y venganza. Su forma actual refleja tanto su habilidad como su amargura, convirtiéndolo en un adversario formidable que lucha con destreza y agresividad.\n\nEstrategias:  \n- Este jefe utiliza ataques rápidos y versátiles con su espada. Observa sus movimientos cuidadosamente para esquivar con precisión.  \n- Realiza embestidas largas que cruzan el campo de batalla rápidamente. Es importante esquivarlas hacia los lados y mantener la distancia adecuada.  \n- A medida que avanza el combate, sus ataques se vuelven más rápidos y difíciles de predecir. Mantén la calma y enfócate en leer sus patrones.  \n- Aprovecha los momentos en los que está recuperándose de un ataque fallido para contraatacar con golpes rápidos y efectivos.  \n- Mantén la movilidad constante para evitar quedar atrapado por sus embestidas o movimientos en cadena.",
  "maestro_de_almas": "Lore:  \nEl Maestro de Almas es uno de los jefes más desafiantes y está vinculado a las prácticas mágicas de Hallownest. Es un experimentado usuario del poder del Alma, una fuerza esencial para los habitantes del reino, y se convierte en una figura de gran importancia en la historia del Caballero. El Maestro de Almas se encuentra en las Profundidades del Alma, donde ha transformado su propio cuerpo en una forma monstruosa al experimentar con el poder del Alma de manera excesiva. Su obsesión con la perfección lo llevó a perderse en la corrupción de ese poder.\n\nEstrategias:  \n- El Maestro de Almas tiene un patrón de ataques muy dinámico, utilizando tanto magia como ataques físicos con su aguijón.  \n- Durante la primera fase, el Maestro de Almas se desplaza por el escenario lanzando proyectiles de alma en diferentes direcciones. Es fundamental esquivar estos proyectiles mientras se intenta acercarse para golpear.  \n- También invoca orbes de alma que giran alrededor de él y que se pueden destruir, pero no debes olvidarte de mantenerte alerta para evitar ser golpeado mientras lo haces.  \n- En la segunda fase, el Maestro de Almas se vuelve más agresivo, utilizando un ataque de carga rápida y otros movimientos impredecibles.  \n- Aprovecha las brechas en sus ataques para infligir daño, pero mantente atento a sus movimientos, ya que puede cambiar rápidamente su estrategia y sorprenderte con un ataque rápido.  \n- El combate requiere paciencia y precisión, así que mantente concentrado y usa los momentos entre sus ataques para curarte si es necesario.",
  "madre_gruz": "Lore:  \nLa Madre Gruz es uno de los jefes más sencillos y accesibles, pero su historia no deja de ser intrigante. Es una especie de gigante, insectoide y amorosa criatura que ha perdido a su prole, y lucha para proteger lo que queda de su descendencia. Esta lucha tiene lugar en la Cueva Gruz, en donde la madre defiende a su familia a toda costa, buscando restaurar el equilibrio en su mundo destruido. No es una criatura maliciosa, sino una madre que hace lo necesario para sobrevivir y proteger a los suyos.\n\nEstrategias:  \n- El combate contra la Madre Gruz es relativamente simple. Su ataque principal es lanzar huevos que se rompen para liberar a sus pequeños, los \"Gruzlings\".  \n- Al comenzar el combate, la Madre Gruz saltará hacia el Caballero y realizará un ataque con su enorme cuerpo.  \n- Usa el tiempo después de sus ataques para golpearla. Su patrón de ataque es sencillo: se mueve en línea recta y se prepara para saltar.  \n- Los Gruzlings pueden hacer que el combate se complique, pero puedes eliminarlos rápidamente para mantener el enfoque en la Madre Gruz.  \n- Ten cuidado con los saltos de la Madre Gruz, ya que pueden hacer daño si te atrapan, pero es fácil esquivarlos con buenos reflejos.",
  "hermanos_oro_y_mato": "Lore:  \nLos Hermanos Oro y Mato son dos guerreros que han sido corrompidos por la Plaga. Originalmente eran protectores de Hallownest, pero sus almas fueron selladas dentro de los cuerpos de sus propios cuerpos en un intento por preservar sus recuerdos. Ahora, estos dos guerreros luchan juntos contra el Caballero en un combate coordinado. Su batalla simboliza el sacrificio y el sufrimiento de Hallownest.\n\nEstrategias:  \n- Los Hermanos Oro y Mato luchan como una unidad, lo que hace que el combate sea más complicado. Uno de ellos ataca de forma más agresiva, mientras que el otro se mantiene a la defensiva, proporcionando apoyo.  \n- Oro (el hermano más grande) utiliza un enorme martillo para golpear al Caballero, mientras que Mato (el hermano más pequeño) lanza proyectiles de alma.  \n- Asegúrate de mantener una buena distancia de Oro cuando intente aplastarte con su martillo.  \n- Aprovecha las brechas en los ataques de Mato para acercarte y contraatacar, ya que Mato tiende a mantenerse a distancia.  \n- Esquiva sus ataques coordinados, ya que cuando los dos hermanos atacan juntos, cubren muchas áreas del escenario. Aprovecha los momentos en los que uno de ellos se detiene para un ataque más largo para infligir daño.",
  "mawlek_incubador": "Lore:  \nMawlek, el Incubador, es un jefe opcional que se encuentra en la *Cumbre de Cristal*, específicamente en la sala *Mawlek's Lair* (Guarida de Mawlek). Esta criatura, a menudo considerada una especie de madre o guardiana, juega un papel clave en la biología de Hallownest. Mawlek está ligada a una de las muchas leyendas sobre la creación y el ciclo de vida de los insectos en el reino. Como su nombre sugiere, Mawlek es una especie de incubadora, alimentándose de las energías de otros seres vivos y usando su capacidad para poner huevos como una manera de generar nuevas criaturas. En su combate, muestra una mezcla de agilidad y poder, capaz de invocar pequeños insectos para luchar a su lado.\n\nEstrategias:  \n- Mawlek se caracteriza por su estilo de combate rápido y agresivo. En sus primeras fases, se concentra en moverse por el campo de batalla rápidamente y lanzar ataques con su aguijón.  \n- El jefe tiene una habilidad para invocar insectos pequeños durante la batalla. Estos insectos son molestos, pero generalmente no representan una gran amenaza. Asegúrate de eliminarlos rápidamente para concentrarte en Mawlek.  \n- En algunos momentos, Mawlek se eleva por los aires y luego lanza ataques en forma de proyectiles que rebotan por la sala. Es crucial que domines el movimiento y los saltos para esquivar estos proyectiles.  \n- La clave para derrotar a Mawlek es mantener la calma. Aunque sus ataques son rápidos y pueden sorprenderte, el patrón de ataque es predecible. Mantente en movimiento y aprovecha las pausas entre sus ataques para contraatacar.",
  "hornet": "Lore:  \nHornet es una de las figuras clave en la historia. Es la hija de la Reina de Hallownest y tiene un vínculo profundo con el Vacío, lo que la convierte en un personaje central en la trama. Hornet actúa como guardiana del Reino de Hallownest, protegiendo a los viajeros y manteniendo el equilibrio en su tierra. Su historia está marcada por una búsqueda de proteger a su gente y encontrar su lugar en el mundo, y su enfrentamiento con el Caballero es una prueba tanto de poder como de destino.\n\nEstrategias:  \n- Hornet es ágil y rápida, y su lucha se basa en ataques veloces y saltos.  \n- Su ataque más peligroso es el \"salto y golpe\", donde salta y ataca con su aguijón, lo que requiere una buena esquiva.  \n- Utiliza su habilidad de \"red de hilo\" para lanzarse por el escenario y atacar desde lejos. Para evitar esto, mantente atento a sus movimientos y usa la movilidad del Caballero para esquivar y contraatacar.  \n- Hornet tiene un patrón de ataque bastante fluido y, aunque es muy agresiva, tiene momentos en los que se detiene, lo que te brinda oportunidades para golpear.  \n- Si tienes paciencia y aprendes a anticipar sus movimientos, la batalla será más fácil. Mantén la calma y aprovecha las aperturas que ofrece su patrón de ataque.",
  "tremarmita": "Lore:  \nTremarmita es una criatura formidable que habita en las profundidades más oscuras de Hallownest. Antaño un guardián leal, fue corrompido por fuerzas desconocidas, transformándose en una entidad de pura destrucción. Su presencia envenena el entorno a su alrededor, y su poder desata terremotos que sacuden el suelo con cada ataque.\n\nEstrategias:  \n- Sus ataques provocan vibraciones en el terreno. Mantén el equilibrio y esquiva los movimientos que causan temblores.\n- Utiliza habilidades de salto para evitar los ataques de alcance medio y mantener la movilidad.\n- Cuando Tremarmita se prepara para un ataque poderoso, busca refugio detrás de estructuras en el campo de batalla para reducir el daño.\n- Ataca durante sus fases de recuperación cuando la criatura está más lenta y vulnerable.\n- Observa los patrones de sus movimientos para anticipar y contrarrestar sus embestidas sísmicas.",
  "caballero_vigia": "Lore:  \nLos Caballeros Vigía son antiguos guardianes mecánicos encargados de proteger la Torre del Vigía y al Soñador Lurien. Originalmente eran caballeros vivos, pero tras su muerte fueron convertidos en constructos animados mediante mecanismos y materiales mágicos. Ahora sirven como una última línea de defensa antes de alcanzar al Soñador.\n\nEstrategias:  \n- En la batalla, empiezas enfrentando a un Caballero, pero se unirán más con el tiempo hasta alcanzar un máximo de seis.  \n- Concéntrate en derrotarlos rápidamente para evitar quedar rodeado.  \n- Sus ataques más comunes incluyen rodar hacia ti y caer en picada desde el aire. Mantente en movimiento y busca los espacios para esquivar.  \n- Golpea después de que terminen su movimiento rodante o tras esquivar la caída.  \n- Usar ataques cargados puede ser efectivo si tienes tiempo entre sus patrones.",
  "rey_vengamosca": "Lore:  \nEsta criatura es una versión más grande y agresiva de las vengamoscas comunes. Como uno de los depredadores dominantes de su ecosistema, utiliza su velocidad y agilidad para proteger su territorio y atacar a los intrusos. Está profundamente influenciado por la infestación, lo que lo vuelve aún más feroz y determinado a eliminar cualquier amenaza.\n\nEstrategias:  \n- Este jefe se caracteriza por sus rápidos movimientos aéreos y embestidas dirigidas al jugador. Mantén la vista en su posición y anticipa sus movimientos para esquivarlos con precisión.  \n- Puede realizar embestidas consecutivas y disparar proyectiles. Mantente en constante movimiento para evitar ser alcanzado.  \n- La mejor oportunidad para atacar es cuando finaliza una de sus embestidas y se detiene brevemente en el aire antes de su próximo movimiento.  \n- Usa ataques de largo alcance, si es posible, para minimizar el riesgo de contacto directo con el jefe.  \n- Evita quedarte demasiado cerca de las paredes, ya que el jefe puede atraparte allí con sus embestidas rápidas.",
  "oblobble": "Lore:  \nEste enemigo es una criatura flotante corrupta, formada por la infestación que consume Hallownest. Su naturaleza explosiva y su movimiento errático lo convierten en un peligro, especialmente en combates en espacios reducidos. Aunque su tamaño no es imponente, su habilidad para lanzar proyectiles y moverse impredeciblemente lo hace un adversario complicado para los que no están preparados.\n\nEstrategias:  \n- Este jefe se caracteriza por lanzar proyectiles explosivos que se dispersan en varias direcciones al impactar. Mantén la distancia y presta atención a la trayectoria de los disparos.  \n- Su movimiento es flotante y errático, por lo que es importante anticipar sus movimientos y atacar en los momentos en que esté más cerca.  \n- Intenta atacar desde un lugar seguro y mantente en constante movimiento para evitar quedarte atrapado entre sus ataques.  \n- Si estás rodeado de proyectiles, prioriza esquivar antes de intentar atacar. La paciencia es clave en este enfrentamiento.  \n- Aprovecha los momentos entre sus ataques para golpear con precisión y eliminarlo rápidamente.",
  "domador_de_dioses": "Lore:  \nEl Domador de Dioses es un guerrero formidable que aparece en el Coliseo de los Insensatos. Este combatiente ha entrenado a una bestia poderosa, que lucha junto a él en una feroz combinación de ataques coordinados. Aunque su título sugiere una conexión divina, es más probable que se refiera a su dominio sobre su bestia acompañante.\n\nEstrategias:  \n- El combate implica enfrentarte tanto al Domador como a su bestia. Concéntrate en eliminar a uno primero para reducir la presión.  \n- La bestia realiza embestidas rápidas y saltos. Mantente móvil y atento a sus patrones.  \n- El Domador ataca lanzando proyectiles a corta distancia. Esquiva y aprovecha los momentos en que está vulnerable tras atacar.  \n- Una vez que derrotes a uno de ellos, la pelea será más manejable. Si decides enfocarte primero en la bestia, esquiva los ataques del Domador mientras atacas rápidamente.",
  "galien": "Lore:  \nGalien fue un guerrero que buscaba la gloria y la perfección en el combate. Su obsesión por probar su valía lo llevó a una muerte prematura en los límites de Hallownest. Incluso después de su fallecimiento, su espíritu persiste en la Tierra de los Descansos, atrapado por sus ambiciones no cumplidas. Aunque es honorable, su arrogancia y orgullo son evidentes en su forma de hablar.\n\nEstrategias:  \n- Galien invoca una gran hoz espectral que gira a su alrededor. Mantente alejado de la trayectoria de la hoz mientras atacas.  \n- Durante el combate, se generarán más hoces pequeñas que se moverán de forma errática. Concéntrate en esquivar mientras encuentras oportunidades para golpear.  \n- Mantente móvil y atento a los espacios seguros entre las hoces para atacar con seguridad.  \n- Usa habilidades a distancia si tienes dificultades para acercarte, pero asegúrate de no quedar atrapado en su zona de ataque.",
  "zote": "Lore:  \nZote es un caballero enarbolado que ha viajado por todo Hallownest en busca de gloria y reconocimiento. A pesar de no ser el guerrero más habilidoso, su determinación inquebrantable lo ha llevado a enfrentarse a poderosos adversarios. Su arrogancia y falta de experiencia a menudo lo ponen en situaciones complicadas, convirtiéndolo en un oponente inesperadamente desafiante para aquellos que subestiman su perseverancia.\n\nEstrategias:  \n- Observa sus patrones de ataque para anticipar sus embestidas y esquivarlas con precisión.\n- Aprovecha sus breves momentos de vulnerabilidad después de sus ataques para infligir daño significativo.\n- Mantén una distancia media para evitar sus ataques cuerpo a cuerpo y utiliza proyectiles si están disponibles.\n- Sé paciente y no te dejes intimidar por sus movimientos agresivos; enfócate en ataques constantes y bien calculados.\n- Utiliza el entorno a tu favor para bloquear sus embestidas y crear oportunidades de contraataque.",
  "caballero_colmena": "Lore:  \nEl Caballero Colmena es el protector leal de la Reina de la Colmena. Está profundamente dedicado a su deber, dispuesto a sacrificar todo por su soberana. Aunque la Colmena ha quedado aislada del resto de Hallownest, este caballero mantiene su juramento y lucha con furia para proteger su hogar y a su reina.\n\nEstrategias:  \n- Presta atención a sus embestidas rápidas: puede lanzarse hacia ti con velocidad. Esquiva hacia atrás o utiliza movimientos precisos para salir de su alcance.  \n- Sus ataques de aguijón dejan rastros de miel en el suelo. Evita estas zonas hasta que desaparezcan.  \n- Aprovecha los momentos en que se queda quieto después de atacar para infligir daño.  \n- Usa habilidades ofensivas cuando veas una ventana de oportunidad, especialmente durante sus pausas tras embestidas.",
  "sin_ojos": "Lore:  \nEste ser oscuro habita en las profundidades sombrías, donde la luz apenas penetra. Su presencia infunde temor en quienes se aventuran en su territorio, y sus movimientos son impredecibles y aterradores. En su forma actual, emana una energía oscura que refleja su naturaleza vengativa y destructiva.\n\nEstrategias:  \n- Utiliza ataques rápidos y sorpresivos desde las sombras. Mantén una vigilancia constante para anticipar sus movimientos.\n- Emite ondas de energía oscura que requieren movimientos precisos para esquivarlas.\n- Realiza invocaciones de esbirros menores para abrumar al jugador. Prioriza eliminarlos rápidamente.\n- Aprovecha los momentos después de sus ataques para infligir daño significativo.\n- Mantén la calma y gestiona tu espacio para evitar quedar atrapado por sus embestidas.",
  "marmu": "Lore:  \nMarmu es un jefe opcional que se encuentra en la *Caverna de Cristal*, una zona llena de insectos con una relación estrecha con el alma y la espiritualidad. Marmu es una criatura que parece ser una mezcla de insecto y ser espiritual, y su batalla se da en un entorno adornado con cristales. Se la considera una guardiana, alguien que protege algo valioso, en este caso, el santuario que se encuentra en las profundidades de la caverna. Marmu ha sido un protector del reino, pero con el paso del tiempo, ha caído en la desesperación, transformándose en una versión más violenta de sí misma. Su batalla es una manifestación de su lucha interna y la confusión que siente debido a la corrupción que ha afectado a Hallownest.\n\nEstrategias:  \n- Marmu tiene un patrón de ataque basado principalmente en su habilidad para invocar y lanzar esferas de energía.  \n- En la primera fase, se concentra en invocar orbes de energía que siguen un patrón circular. Debes estar atento a su movimiento y evitar que te rodeen.  \n- En algunos momentos, Marmu se desplazará rápidamente por el escenario y atacará directamente con su aguijón. Si te encuentras cerca de ella, prepárate para esquivar.  \n- Marmu también puede lanzar orbes que explotan a corta distancia, causando daño significativo si no los evitas. Estos ataques pueden parecer fáciles de anticipar, pero la velocidad a la que los lanza puede sorprenderte.  \n- Durante la segunda fase, Marmu se vuelve más agresiva, combinando ataques rápidos con proyectiles y orbes. Aprovecha los momentos en que Marmu se detiene para atacar y prepárate para esquivar rápidamente.  \n- Mantente concentrado y usa los espacios entre sus ataques para curarte, ya que en su fase más difícil, Marmu se vuelve muy difícil de esquivar.",
  "hollow_knight": "Lore:  \nEl Hollow Knight es el principal antagonista de la historia. Es la forma sellada del caballero que debía contener la Plaga dentro de su ser. Este ser, una sombra del Caballero, fue creado para ser el recipiente del vacío, pero falló en su cometido y sucumbió a la corrupción. El Hollow Knight se encuentra en el Templo del Vacío, donde su destino está sellado: luchar hasta el final para proteger el corazón del vacío, aunque ya no tiene conciencia de su misión. El Caballero se enfrenta a él para asumir su destino y poner fin a la Plaga que consume Hallownest.\n\nEstrategias:  \n- El Hollow Knight es un jefe de combate directo, con ataques rápidos y predecibles. Su patrón de lucha se basa en un ciclo de movimientos que incluye saltos, cargas y ataques con su aguijón.  \n- Durante el combate, su aguijón se extiende hacia el Caballero con ataques de rango. Mantén la distancia, pero prepárate para esquivar rápidamente.  \n- Evita el salto en el que el Hollow Knight se eleva y cae hacia el Caballero, causando daño al aterrizar.  \n- Aprovecha las ventanas de oportunidad después de sus ataques más grandes (como la carga) para infligir daño.  \n- Mantén la calma durante los momentos más intensos del combate, ya que el Hollow Knight se vuelve más agresivo conforme disminuye su salud.",
  "senores_mantis": "Lore:  \nLos Señores Mantis son antiguas entidades guardianas de los bosques sagrados. Con movimientos ágiles y una sabiduría milenaria, protegen el equilibrio natural enfrentándose a cualquiera que intente corromper su dominio. Su apariencia imponente y sus habilidades letales los convierten en adversarios respetados y temidos.\n\nEstrategias:  \n- Utilizan rápidos ataques de cuchillas y saltos impresionantes. Mantén una distancia segura y esquiva sus movimientos con precisión.\n- Realizan embestidas en múltiples direcciones. Observa sus patrones para anticipar y evitar sus embestidas.\n- Al recibir daño, se vuelven más agresivos y rápidos. Conserva tu energía y ataca estratégicamente.\n- Aprovecha los momentos de recuperación después de sus ataques para contraatacar con golpes potentes.\n- Usa el entorno a tu favor para limitar sus movimientos y crear oportunidades de ataque.",
  "nosk": "Lore:  \nEste jefe es una criatura extraño que habita en lo más profundo de una zona oscura y retorcida del reino. Aunque en apariencia parece ser una criatura que imita a los habitantes de Hallownest, en realidad es una manifestación corrupta de la infestación. Se esconde bajo la forma de otro ser para atraer a su presa y atacarla, siendo un ejemplo perfecto de las formas en las que la corrupción se esparce en el reino. Su habilidad para transformarse en una criatura similar a los propios habitantes es lo que lo hace particularmente peligroso, ya que engaña a los desprevenidos para que se acerquen.\n\nEstrategias:  \n- El jefe se caracteriza por ser ágil y rápido en sus ataques. Se mueve rápidamente por el campo de batalla, realizando saltos y embestidas que cubren una gran distancia.  \n- Durante la batalla, lanza ataques rápidos y realiza embestidas hacia el jugador, lo que obliga a esquivar constantemente. Además, puede invocar otras criaturas menores que te distraen y complican la pelea.  \n- La clave para enfrentarse a este jefe es la paciencia y el control de los movimientos. Su patrón de ataque es predecible, por lo que debes estar atento a sus embestidas y ataques rápidos.  \n- Durante la pelea, el jefe suele desaparecer y reaparecer, lo que puede desorientar al jugador. Sin embargo, sus movimientos suelen seguir un patrón, por lo que anticiparse a sus acciones es fundamental.  \n- Mantente en movimiento constantemente, usa tus saltos para esquivar sus embestidas y, cuando haya oportunidad, ataca rápidamente para reducir su salud.",
  "receptaculo_roto": "Lore:  \nEste ser es un receptáculo fallido, uno de los intentos defectuosos de contener la infección que asola el reino. Aunque su cuerpo muestra signos de la pureza con la que fue creado, ahora está corrompido y dominado por la infección. Su estado descompuesto y movimientos erráticos reflejan su lucha interna, convirtiéndolo en una amenaza agresiva para cualquiera que se cruce en su camino.\n\nEstrategias:  \n- Este jefe es rápido y utiliza ataques físicos contundentes combinados con saltos y embestidas. Es importante anticipar sus movimientos para esquivarlos eficazmente.  \n- Realiza ataques de área que cubren gran parte del suelo. Observa los patrones y muévete a una zona segura antes de que impacten.  \n- En fases avanzadas del combate, se vuelve más agresivo y sus patrones se tornan menos predecibles. Mantén la calma y enfócate en evitar daño innecesario.  \n- La clave para derrotarlo es encontrar ventanas de ataque entre sus embestidas. Usa ataques rápidos y precisos en esos momentos para maximizar el daño sin exponerte demasiado.  \n- Recuerda mantenerte en movimiento constante para evitar quedar atrapado por sus ataques consecutivos.",
  "el_coleccionista": "Lore:  \nEl Coleccionista es una criatura enigmática de Hallownest que reside en la Torre del Amor. Está obsesionado con recolectar especímenes vivos, que guarda en frascos como si fueran trofeos. Aunque su apariencia es similar a la del Caballero, parece ser una creación artificial alimentada por la Plaga, posiblemente hecha por el Amo de la Torre para su diversión o experimentación.\n\nEstrategias:  \n- El Coleccionista se mueve rápidamente y salta por toda la arena, dificultando mantener el ritmo del combate.  \n- Evita sus frascos arrojados, que liberan enemigos al romperse. Prioriza destruir los frascos antes de que los enemigos se acumulen.  \n- Mantente siempre en movimiento, ya que puede lanzarse hacia ti con poca advertencia.  \n- Aprovecha las ventanas de ataque cuando aterriza después de un salto o cuando se detiene momentáneamente para lanzar frascos.",
  "uumuu": "Lore:  \nUumuu es una entidad onírica atrapada entre los sueños y la realidad, emergiendo de las profundidades del subconsciente de Hallownest. Antaño un guardián de los sueños, fue corrompido por pesadillas oscuras que distorsionaron su esencia. Ahora, Uumuu vaga entre los reinos oníricos, desatando el caos y desafiando a aquellos que buscan desentrañar los misterios de su poder.\n\nEstrategias:  \n- Sus ataques son rápidos y basados en energía onírica. Mantén una movilidad constante para evadir sus ráfagas.\n- Utiliza las sombras del entorno para anticipar sus movimientos y preparar tus contraataques.\n- Cuando Uumuu invoca esferas de sueño, destrúyelas rápidamente antes de que acumulen energía.\n- Aprovecha los momentos de vulnerabilidad después de sus ataques más potentes para infligir daño significativo.\n- Mantén la calma y enfócate en patrones específicos de ataque para predecir y esquivar eficientemente.",
  "el_destello": "Lore:  \nEl Destello es una antigua deidad de Hallownest, representante de la Luz y opuesta a la Vacuidad. Su existencia y culto fueron olvidados tras la creación del Rey Pálido, quien ofreció a los habitantes de Hallownest la promesa de un reino eterno libre de la influencia de los dioses antiguos. El Destello, buscando venganza, utilizó la Plaga para invadir las mentes de los insectos, desatando la corrupción que devastó el reino.\n\nEstrategias:  \n- Fase 1: Esquiva las cuchillas de luz y los rayos que descienden del cielo. Mantente en movimiento y ataca cuando esté quieto.  \n- Fase 2: Aparecen patrones más complejos con rayos cruzados y plataformas flotantes. Aprende los patrones y ajusta tus movimientos.  \n- Fase 3: Durante la ascensión, mantente enfocado en evitar ataques mientras subes, usando las plataformas para atacar.  \n- La clave para la victoria es aprender sus patrones de ataque y mantener la calma. Prioriza sobrevivir sobre infligir daño constante.",
  "xero": "Lore:  \nXero es una entidad etérea que reside en los rincones más místicos de Hallownest. Antaño un sabio guardián de los secretos arcanos, Xero fue consumido por una obsesión por el conocimiento prohibido, transformándose en una figura fantasmal que vaga entre las dimensiones. Su apariencia translúcida y sus habilidades sobrenaturales lo convierten en un adversario enigmático y peligroso.\n\nEstrategias:  \n- Utiliza ataques mágicos a distancia que requieren una anticipación precisa para esquivar.\n- Emplea habilidades de teletransporte para moverse rápidamente por el campo de batalla. Mantén una posición estratégica para limitar sus movimientos.\n- Invoca barreras de energía que deben ser destruidas antes de poder atacar. Prioriza eliminar estas barreras para abrir oportunidades de ataque.\n- Durante sus fases de recarga, ataca con combinaciones de golpes rápidos para maximizar el daño.\n- Observa sus patrones de ataque para identificar momentos clave y contrarrestar sus habilidades sobrenaturales eficazmente.",
  "gran_sabio_del_aguijon_sly": "Lore:  \nSly, conocido como el Gran Sabio del Aguijón, es un maestro olvidado del arte del aguijón. Aunque inicialmente parece un humilde comerciante en Bocasucia, su verdadera identidad se revela cuando el Caballero demuestra su valía al superar los desafíos del Sendero del Dolor o al derrotar a varios maestros aguijoneros. Sly entrenó a algunos de los espadachines más hábiles de Hallownest y guarda un profundo respeto por la tradición y el sacrificio.\n\nEstrategias:  \n- Sly es un oponente rápido y ágil, con ataques que cubren grandes distancias y patrones impredecibles.  \n- Esquiva su carga rápida y ataca después de que finalice su movimiento.  \n- Presta atención a su golpe descendente. Cuando lo realiza, genera un impacto en el suelo; mantente alejado y contraataca tras esquivarlo.  \n- A medida que el combate avanza, Sly ejecutará combos más largos y aumentará su velocidad. Mantén la calma y prioriza esquivar sobre atacar constantemente.  \n- Aprovecha las ventanas cuando esté recargando o finalizando un ataque para infligir daño.",
  "grimm": "Lore:  \nGrimm es el líder de la Tropa Grimm, una misteriosa compañía que viaja a través de diferentes tierras recolectando la Esencia de Pesadilla. Él y su tropa tienen un propósito sombrío: mantener viva a una deidad conocida como el Corazón de Pesadilla, alimentándolo con esta esencia. Aunque elegante y teatral, Grimm es un ser peligroso con un propósito implacable, y su enfrentamiento con el Caballero es tanto un espectáculo como una prueba.\n\nEstrategias:  \n- Grimm tiene movimientos rápidos y precisos, como ráfagas de fuego, saltos acrobáticos y una lluvia de espinas que cubren el escenario.  \n- Esquiva su ataque de picos de fuego buscando los huecos entre las llamas.  \n- Durante su ataque de lluvia de espinas, mantente en movimiento constante y observa los patrones para evitar el daño.  \n- Aprovecha los momentos en los que queda expuesto después de ciertos ataques, como su embestida, para contraatacar.  \n- Mantén la calma y aprende los patrones de ataque. La lucha es un desafío que premia la paciencia y la observación.",
  "gorb": "Lore:  \nGorb fue una figura excéntrica en vida, obsesionado con la idea de alcanzar un estado superior de existencia a través de la meditación y el conocimiento. Su espíritu ahora vaga por el Cementerio Espiritual, retando a los viajeros a demostrar su valía. Su mantra, \"¡Absorbe! ¡Absorbe! ¡Absorbe!\", refleja su búsqueda de trascendencia.\n\nEstrategias:  \n- Gorb ataca invocando lanzas espectrales que emergen desde su posición y se expanden en todas direcciones.  \n- A medida que el combate avanza, las lanzas aumentan en cantidad y velocidad. Mantén la calma y busca los espacios entre ellas para moverte y esquivar.  \n- Ataca rápidamente entre sus fases de ataque, pero evita quedarte demasiado tiempo cerca de su posición.  \n- La clave para vencerlo es observar los patrones de las lanzas y encontrar un ritmo para esquivar y contraatacar.",
  "markoth": "Lore:  \nMarkoth es un jefe opcional que se encuentra en el área de la *Aguja*, un lugar donde habitan los *guardianes de la aguja*, un grupo de caballeros que protegen el reino y sus secretos. Markoth, como otros guardianes, está profundamente ligado al deber de proteger y al sacrificio. Se le presenta como un ser espiritual que utiliza el poder de su aguijón para invocar poderosas energías. A pesar de su seriedad, Markoth también se muestra un tanto melancólico y resignado, sabiendo que su deber lo ha llevado a este combate inevitable con el Caballero. Al igual que los demás guardianes, Markoth es una representación de la lealtad y la lucha sin fin por mantener el orden en el reino.\n\nEstrategias:  \n- Markoth tiene un patrón de ataque bastante predecible, pero sus ataques pueden ser difíciles de esquivar debido a la rapidez con la que los realiza.  \n- El combate comienza con Markoth atacando a distancia, invocando esferas de energía que lanzará hacia el Caballero. Estas esferas se pueden esquivar, pero es fundamental estar atento al patrón de disparo.  \n- Además de las esferas de energía, Markoth utilizará su aguijón en ataques rápidos, incluidos saltos y cargas hacia el Caballero.  \n- Después de algunos ataques, Markoth se elevará al aire y comenzará a disparar esferas de energía de manera más agresiva. Aprovecha los momentos en que baja para golpearlo, pero mantente atento a los ataques aéreos.  \n- Como en muchos otros combates, la clave es aprender el patrón de ataques de Markoth y ser paciente. No apresures el combate y mantente concentrado, ya que Markoth puede atacar muy rápido.",
  "false_knight": "Lore:  \nEl Falso Caballero es un Magullador corpulento que ha robado la armadura de un Caballero Caído de Hallownest. A pesar de su imponente apariencia, su motivación no es noble: desea proteger su territorio de cualquier intruso. El combate con él revela su verdadera forma, una criatura débil e inexperta oculta tras la armadura robada.\n\nEstrategias:  \n- Esquiva sus golpes con el mazo, que son lentos pero tienen un gran alcance. Mantente alejado de las ondas de choque cuando golpea el suelo.  \n- Cuando se tambalea tras recibir suficiente daño, aprovecha para atacar rápidamente.  \n- Presta atención a los escombros que caen del techo durante el combate, ya que pueden dañarte.  \n- Ataca directamente al Magullador expuesto cuando logres romper su armadura. Repite el proceso hasta derrotarlo.",
  "guardian_de_cristal": "Lore:  \nEl Guardián de Cristal es una de las figuras protectoras de la Cristalería, un área que guarda secretos antiguos sobre la creación de Hallownest. Este ser mecánico y robusto se encuentra en las profundidades de la Cristalería, y su tarea es defender la entrada a la sala sagrada que alberga fragmentos de poder. A pesar de su naturaleza creada para proteger, el Guardián de Cristal ha sido poseído por la Plaga, lo que lo convierte en un enemigo feroz.\n\nEstrategias:  \n- El Guardián de Cristal utiliza un conjunto de ataques basados en el cristal y los fragmentos, lanzando proyectiles de cristal hacia el Caballero.  \n- Esquiva los cristales que caen del techo y sus ataques de proyectiles, pero mantente cerca de él para evitar que recargue su poder.  \n- Ataca después de que realice un ataque grande, como su embestida o el lanzamiento de cristales.  \n- Durante el combate, puedes aprovechar las plataformas del entorno para esquivar y contraatacar en los momentos adecuados.  \n- La clave para derrotarlo es mantenerte en movimiento constante, evitando los ataques y buscando oportunidades para infligir daño rápidamente.",
  "anciano_hu": "Lore:  \nEl Anciano Hu fue un antiguo sabio del reino de Hallownest, profundamente conectado con los aspectos espirituales de su gente. Tras su muerte, su espíritu quedó atrapado, y ahora aparece como una figura espectral, retorciéndose en su descontento. A menudo reflexiona sobre la inevitabilidad de la muerte y el olvido.\n\nEstrategias:  \n- Observa sus anillos de ataque: Hu lanza anillos espectrales que se expanden. Mantente móvil y esquiva hacia los huecos.  \n- Mantente cerca del suelo cuando los anillos te rodeen, ya que saltar puede complicar la evasión.  \n- Usa ataques a distancia, como el Aguijón de la Sombra o Encantos como \"Fuerza Descomunal\".  \n- Si usas una estrategia cuerpo a cuerpo, golpea entre los ataques y asegúrate de moverte constantemente.",
  "maestro_de_pintura_sheo": "Lore:  \nEl Maestro de Pintura Sheo es un jefe único y pertenece a los *Jefes Opcionales* que puedes encontrar en tu aventura. Sheo es un pintor de gran talento, que vive en la *Casa de la Pintura* en el área de la *Llanura de la Reina*, y su arte tiene una relación profunda con la historia de Hallownest. Es un ser melancólico, que se dedica a crear sus obras mientras observa la desolación del reino. Aunque parece un personaje tranquilo, al enfrentarse al Caballero, demuestra que es un experto en el uso del arte como medio para combatir. Su batalla, llena de proyectiles y ataques artísticos, es tanto un desafío como una obra de arte en sí misma.\n\nEstrategias:  \n- El combate contra Sheo no es excesivamente complicado, pero tiene un patrón basado en sus ataques de pintura, que se lanzan como proyectiles.  \n- Sheo invoca lienzos mágicos que lanzan colores como proyectiles, los cuales causan daño al Caballero si lo tocan. Es importante que esquives estos proyectiles con precisión.  \n- Durante la pelea, Sheo se coloca en diferentes posiciones para lanzar los ataques. Presta atención a su movimiento y usa las oportunidades entre sus ataques para acercarte y dañar.  \n- Ten cuidado con los lienzos grandes que Sheo lanza en el campo de batalla. Estos lienzos pueden crear una zona de ataque que te obligue a moverte rápidamente para evitar el daño.  \n- Aunque sus ataques parecen inofensivos, el patrón de disparo puede ser difícil de esquivar cuando está rodeado de lienzos. Mantente en movimiento y no te dejes atrapar.",
  "defensor_del_estiercol": "Lore:  \nEl Defensor del Estiércol, conocido como Ogrim, fue uno de los Cinco Grandes Caballeros de Hallownest. Sigue siendo leal a su rey y lucha con honor, incluso después de que el reino se haya derrumbado. Ahora vive en las profundidades del sistema de alcantarillado, donde protege las tuberías y recuerda con orgullo los días de gloria de su servicio.\n\nEstrategias:  \n- Sus principales ataques consisten en lanzar bolas de estiércol que rebotan por la arena. Mantente en movimiento para esquivar las trayectorias impredecibles.  \n- Cuando se entierra en el suelo, prepárate para esquivar, ya que puede emerger rápidamente para golpearte.  \n- Usa los momentos en los que está ocupado lanzando estiércol para acercarte y atacar con seguridad.  \n- Presta atención a sus patrones de ataque; aunque parece caótico, tiene un ritmo que puedes aprender a predecir.",
  "musgoagresor_gigante": "Lore:  \nEste jefe es una versión gigantesca de una criatura agresiva que habita en las profundidades del reino. Alterada por la corrupción, se ha vuelto más grande, fuerte y peligrosa. Su tamaño descomunal y su agresividad la convierten en un gran desafío para los aventureros. Se caracteriza por sus ataques de embestida y su capacidad de lanzar esporas venenosas que cubren la arena de batalla. Además, en la segunda fase de la lucha, puede invocar pequeños compañeros que añaden dificultad al enfrentamiento.\n\nEstrategias:  \n- El jefe se mueve lentamente, pero sus ataques son poderosos. Emplea embestidas y aplastamientos con su gran cuerpo.  \n- Durante el combate, puede liberar esporas venenosas que afectan el área de combate, obligando al jugador a moverse constantemente para evitar el daño.  \n- Aunque sus ataques son lentos, el daño que causan es significativo, así que es crucial mantener la distancia y esquivar con precisión.  \n- En fases posteriores, puede invocar criaturas menores que te rodearán. Estos enemigos adicionales distraen y complican la lucha, por lo que es recomendable eliminarlos lo antes posible.  \n- Aprovecha las brechas entre sus ataques y usa el espacio de la arena a tu favor para realizar ataques rápidos y evitar ser alcanzado.",
  "guerrero_del_alma": "Lore:  \nEl Guerrero del Alma es un guerrero que una vez fue fuerte y honorable, pero que se vio corrompido por la oscuridad de la Plaga que azota Hallownest. Su alma fue sellada en el interior del Santuario del Alma, donde se convierte en un guardián espectral que desafía a cualquier intruso. Aunque es un reflejo del Caballero, se ha vuelto completamente errático y peligroso, buscando la perfección en la lucha con el alma.\n\nEstrategias:  \n- El Guerrero del Alma imita las habilidades del Caballero, como la carga, los saltos, y el uso de habilidades de alma como el \"Corte de Alma\".  \n- Esquiva sus ataques de alma que se lanzan de manera rápida y precisa, especialmente los proyectiles de alma.  \n- Aprovecha los momentos en los que se detiene o se prepara para un ataque grande para contraatacar.  \n- Mantén la calma y observa los patrones de ataque. El Guerrero del Alma es predecible si se le observa atentamente.  \n- Usa tu habilidad de alma para devolver el daño y aumentar tu oportunidad de atacar cuando se debilite después de ciertos movimientos."
}