{
  "1": "Adquirido de Iselda en Bocasucia por [b][u]Geo220[/u][/b] después de la primera interacción con Cornifer, el cartógrafo.\n\n[b][u]Utilidad:[/u][/b]\nEste amuleto es valioso para la exploración, especialmente en las etapas iniciales del juego.\n\nEs aconsejable sustituirlo por objetos más enfocados en el combate al prepararse para enfrentamientos importantes, como los jefes.",
  "2": "Dado por Sly en Bocasucia tras aprender las 3 Artes del Aguijón de los Maestros de Aguijones:\n\nMaestro de Aguijones Oro en el Límite del Reino\nMaestro de Aguijones Mato en Acantilados Aulladores\nMaestro de Aguijones Sheo en Sendero Verde\n[b][u]Utilidad:[/u][/b]\nEste amuleto es uno de los mejores que ocupan 1 muesca, junto a Canción de larvas. Permite limpiar áreas rápidamente y es muy útil en el Coliseo de los Insensatos, donde es esencial para eliminar enemigos de un solo golpe. Cabe destacar que es exclusivo para estrategias cuerpo a cuerpo centradas en el uso del Aguijón, en lugar de hechizos.",
  "3": "Adquirido de Sly en Bocasucia por **[b][u]Geo200[/u][/b].\n\n[b][u]Utilidad:[/u][/b]\nEste amuleto es extremadamente útil contra ciertos jefes cuyos ataques son complicados de esquivar. Ofrece un intervalo de tiempo más amplio para atacar, permitiendo, en algunas ocasiones, sobrecargar al jefe simplemente a través de daño continuo.\n\nTambién es beneficioso durante la Prueba de los Insensatos, ya que hay varias rondas en las que esquivar a todos los enemigos resulta muy difícil.",
  "4": "Se encuentra al final del Montículo Ancestral, tras derrotar al Baldur Anciano.\n\n[b][u]Utilidad:[/u][/b]\nEs uno de los primeros amuletos que el jugador puede obtener. Aunque su efecto no es muy llamativo, resulta útil ya que permite curarse con mayor frecuencia. Además, al requerir menos muescas, es más conveniente que el amuleto Devoraalmas.",
  "5": "Adquirido de Salubra por [b][u]Geo220[/u][/b] en Cruces Olvidados.\n\n[b][u]Utilidad:[/u][/b]\nEste amuleto incrementa el daño de los hechizos en un rango del 33% al 51%, dependiendo del tipo de hechizo utilizado.",
  "6": "Se encuentra en las Tierras de Reposo y requiere el uso del Salto Desolador.\n\nUtiliza el Salto Desolador sobre la tumba que está justo debajo de la Estación de Ciervos, y dirígete hacia la derecha. El amuleto está situado cerca de una estatua de un chamán.\n\n[b][u]Utilidad:[/u][/b]\nEste amuleto permite acumular ALMA de forma rápida, pero requiere 4 muescas, lo que reduce considerablemente las opciones del jugador. En la mayoría de los casos, el amuleto Atrapaalmas es una opción más eficiente.",
  "7": "Se encuentra bajo una estatua en la Aldea Mantis, ubicada en los Páramos Fúngicos, cerca de la entrada hacia los Canales Reales.\n\n[b][u]Utilidad:[/u][/b]\nLa habilidad de realizar un Avance Rápido hacia abajo es útil en algunas áreas de plataformas o para esquivar ciertos ataques. Sin embargo, el uso principal de este amuleto es para explorar el mapa, ya que permite moverse mucho más rápido que caminando.",
  "8": "Adquirido de Sly en Bocasucia por **[b][u]Geo400[/u][/b], requiere haber obtenido la Llave del Comerciante.\n\n[b][u]Utilidad:[/u][/b]\nAumenta la velocidad del Caballero, permitiéndole correr más rápido.\n\nEn muchos casos, es preferible usar directamente la Capa de Ala de Polilla o el Corazón de Cristal, pero en áreas donde estas habilidades no pueden ser utilizadas, este amuleto puede resultar útil.",
  "9": "Entregado por el Padre Larva una vez que el jugador ha liberado [b][u]10 Larvas[/u][/b] cautivas.\n\n[b][u]Utilidad:[/u][/b]\nEs uno de los mejores amuletos de coste 1, ya que proporciona ALMA para curarse y recuperar el daño recibido. La cantidad de ALMA que otorga por golpe no es suficiente para curar todo el daño, pero con un par de golpes o al combinarlo con otros amuletos que aumenten la obtención de ALMA, se convierte en un recurso increíblemente valioso en una construcción basada en hechizos.\n\nTambién resulta útil en áreas de plataformas donde no hay enemigos disponibles para conseguir ALMA.",
  "10": "Entregado por el Padre Larva tras liberar a [b][u]46 Larvas[/u][/b] Cautivas.\n\n[b][u]Utilidad:[/u][/b]\nEs un amuleto complicado de utilizar: solo causa la mitad del daño del aguijón, y el jugador debe tener todas las máscaras; además, los rayos no generan ALMA al golpear a los enemigos.\n\nSin embargo, tiene buena sinergia con Corte Rápido y Fuerza Frágil, ya que aumentan el daño infligido por segundo. También es recomendable llevar Corazón de Saviavida y Núcleo de Saviavida, ya que permiten al jugador recibir unos golpes adicionales antes de perder el efecto del amuleto.\n\nResulta útil para realizar el desafío de Flor Delicada, ya que permite derrotar a los enemigos desde una distancia segura.\n\nNo es un amuleto muy efectivo contra jefes, excepto en el caso de El Destello y Flukemarm, donde evita que tengamos que saltar o acercarnos demasiado para golpearlos.\n\nEl rango de los proyectiles NO aumenta con Largoaguijón ni con Marca de Orgullo.\n\nEl tamaño de los rayos se incrementa con la Marca de Orgullo.",
  "11": "Adquirido de Comepiernas en los Páramos Fúngicos por [b][u]Geo350[/u][/b]. Si llevamos el Blasón del Defensor, el precio se reduce a [b][u]Geo280[/u][/b].\n\nSi el amuleto se rompe, Comepiernas lo reparará por [b][u]Geo200[/u][/b], o por [b][u]Geo160[/u][/b] si llevamos el Blasón del Defensor.\n\n[b][u]Utilidad:[/u][/b]\nEste amuleto es muy poderoso, a pesar de que se rompe al morir el jugador. Se recomienda usarlo en situaciones donde es poco probable morir, es decir, durante exploraciones o en batallas contra los Jefes de Sueño (el amuleto no se romperá si perdemos dentro de un sueño).\n\nEs estrictamente superior al Corazón de Saviavida, ya que por el mismo coste proporciona 2 máscaras normales que pueden ser recuperadas al concentrar ALMA.\n\nEl mayor inconveniente del amuleto es el tiempo que se tarda en repararlo en caso de que se rompa.\n\nPor último, es importante mencionar que es uno de los mejores amuletos para el modo Alma de Acero, donde no podemos morir de ninguna manera.",
  "12": "Una vez que el jugador haya convocado a la Compañía de Grimm, Divine aparecerá en Bocasucia. Para obtener la versión irrompible del Corazón Frágil, el jugador debe equipar el amuleto y hablar con ella. Luego, ella se lo comerá y pedirá a cambio [b][u]Geo12000[/u][/b] para la versión mejorada.\n\n[b][u]Utilidad:[/u][/b]\nEste amuleto es muy poderoso, a pesar de que se rompe al morir el jugador. Se recomienda usarlo en situaciones donde la muerte es poco probable, como durante exploraciones o en enfrentamientos contra los Jefes de Sueño (el amuleto no se romperá si se pierde dentro de un sueño).\n\nEs estrictamente superior al Corazón de Saviavida, ya que por el mismo coste proporciona 2 máscaras normales que pueden ser recuperadas al concentrar ALMA.\n\nEl mayor inconveniente de este amuleto es el tiempo que se tarda en repararlo si llega a romperse.\n\nFinalmente, es importante mencionar que es uno de los mejores amuletos para el modo Alma de Acero, donde no podemos morir en ninguna circunstancia.",
  "13": "Adquirido de Comepiernas en los Páramos Fúngicos por [b][u]Geo250[/u][/b]. Si llevamos el Blasón del Defensor, el precio se reduce a [b][u]Geo200[/u][/b].\n\nSi el amuleto se rompe, Comepiernas lo reparará por [b][u]Geo150[/u][/b], o por [b][u]Geo120[/u][/b] si llevamos el Blasón del Defensor.\n\n[b][u]Utilidad:[/u][/b]\nSe recomienda utilizarlo en situaciones donde la muerte es poco probable, como durante exploraciones o en el Modo Alma de Acero.\n\nEl mayor inconveniente de este amuleto es el tiempo necesario para repararlo en caso de que se rompa.\n\nA diferencia de otros amuletos frágiles, la Codicia Frágil no es muy útil contra los Jefes de Sueño, ya que estos no sueltan Geo.",
  "14": "Una vez que el jugador haya convocado a la Compañía de Grimm, Divine aparecerá en Bocasucia. Para obtener la versión irrompible de Codicia Frágil, el jugador debe equipar el amuleto y hablar con ella. Luego, ella se lo comerá y pedirá a cambio [b][u]Geo9000[/u][/b] para la versión mejorada.\n\n[b][u]Utilidad:[/u][/b]\nSe aconseja usar este amuleto en situaciones donde la muerte es poco probable, como durante exploraciones o en el Modo Alma de Acero.\n\nEl principal inconveniente de este amuleto es el tiempo que se tarda en repararlo si se rompe.\n\nA diferencia de otros amuletos frágiles, Codicia Frágil no es particularmente útil contra los Jefes de Sueño, ya que estos no sueltan Geo.",
  "15": "Adquirido de Comepiernas en los Páramos Fúngicos por [b][u]Geo600[/u][/b]. Si llevamos el Blasón del Defensor, el precio se reduce a [b][u]Geo480[/u][/b].\n\nSi el amuleto se rompe, Comepiernas lo reparará por [b][u]Geo350[/u][/b], o por [b][u]Geo280[/u][/b] si llevamos el Blasón del Defensor.\n\n[b][u]Utilidad:[/u][/b]\nAumenta el daño del aguijón en un 50%. No afecta a Sombra Afilada.\n\nEs un amuleto muy poderoso, ya que, por solo una muesca más, proporciona el mismo efecto que Furia de los Caídos de forma permanente. Se recomienda utilizarlo en situaciones donde la muerte es poco probable, como durante exploraciones o en batallas contra los Jefes de Sueño (el amuleto no se romperá si se pierde dentro de un sueño).\n\nEl mayor inconveniente de este amuleto es el tiempo necesario para repararlo si se rompe.\n\nEs uno de los mejores amuletos para el modo Alma de Acero, donde el jugador no debe morir en ningún caso",
  "16": "Una vez que el jugador haya convocado a la Compañía de Grimm, Divine aparecerá en Bocasucia. Para obtener la versión irrompible de Fuerza Frágil, el jugador debe equipar el amuleto y hablar con ella. Luego, ella se lo comerá y pedirá a cambio [b][u]Geo15000[/u][/b] para la versión mejorada.\n\n[b][u]Utilidad:[/u][/b]\nAumenta el daño del aguijón en un 50%. No tiene efecto sobre Sombra Afilada.\n\nEste amuleto es extremadamente poderoso, ya que, por solo una muesca más, otorga el mismo efecto que Furia de los Caídos de forma permanente. Se recomienda utilizarlo en situaciones donde la muerte es poco probable, como durante exploraciones o en enfrentamientos contra Jefes de Sueño (el amuleto no se romperá si se pierde dentro de un sueño).\n\nEl principal inconveniente de este amuleto es el tiempo necesario para repararlo si se rompe.\n\nEs uno de los mejores amuletos para el modo Alma de Acero, donde el jugador no debe morir en ningún caso.",
  "17": "Se encuentra en una sala secreta en la cima del Santuario de Almas, justo antes de enfrentarte al Maestro de Almas.\n\n[b][u]Utilidad:[/u][/b]\nEste amuleto es extremadamente valioso en una configuración enfocada en hechizos, ya que, a diferencia de otros como Devoraalmas o Atrapaalmas, no depende de los golpes que el jugador inflija con el aguijón. Sin embargo, al combinarlo con cualquier amuleto que otorgue ALMA, su utilidad se potencia considerablemente.\n\nNo reduce el coste de la Concentración.\n\n[b][u]How to acquire:[/u][/b]",
  "18": "Vendido por Salubra por Geo120 en los Cruces Olvidados.\n\n[b][u]Utilidad:[/u][/b]\nEste amuleto es a menudo subestimado, ya que evita que El Caballero sea empujado hacia atrás al golpear enemigos con el Aguijón. Resulta especialmente útil en las zonas de plataformas de los Jardines de la Reina.\n\nSin embargo, El Caballero seguirá siendo empujado al impactar con objetos del entorno, como los pinchos o las armaduras de los enemigos, si los golpea desde arriba.",
  "19": "Vendido por Sly por Geo350 en Bocasucia, requiere haberle entregado la Llave del comerciante.\n\n[b][u]Utilidad:[/u][/b]\nEste amuleto es muy efectivo contra enemigos con ataques ininterrumpibles, ya que, en muchos casos, permite empujarlos lo suficiente como para que fallen el ataque que estaban cargando.\n\nSin embargo, a los enemigos que no sufren retroceso no les afecta este amuleto, lo que incluye a la mayoría de los jefes. Se recomienda reemplazarlo en esas batallas.",
  "20": "Se encuentra en el Límite del Reino, en un altar dentro de una sala oculta.\n\n[b][u]Utilidad:[/u][/b]\nEste amuleto permite realizar ataques con mayor rapidez y facilita golpear a los enemigos desde arriba, así como a los obstáculos del entorno.",
  "21": "Vendido por Salubra por Geo300.\n\n[b][u]Utilidad:[/u][/b]\nEste amuleto incrementa el alcance del aguijón, permitiendo al jugador mantener una distancia segura de enemigos peligrosos y facilitando los rebotes al golpear obstáculos.\n\nAunque ofrece menos alcance que la Marca de Orgullo, es más fácil de obtener y ocupa menos muescas. En la mayoría de los casos, la diferencia con la Marca de Orgullo es prácticamente imperceptible.\n\nNo afecta el alcance de las Artes de Aguijón ni de la Elegía de la Larvamosca.",
  "22": "Se encuentra en la Aldea Mantis, dentro de un cofre en una sala al noreste de los Señores Mantis. Solo es accesible después de haberlos derrotado.\n\n[b][u]Utilidad:[/u][/b]\nEste amuleto incrementa el alcance del aguijón, permitiendo al jugador mantener una distancia segura de enemigos peligrosos y facilitando los rebotes al golpear obstáculos.\n\nSi bien proporciona más rango que Largoaguijón, es más complicado de conseguir y ocupa más muescas.\n\nNo afecta el alcance de las Artes de Aguijón ni de la Elegía de la Larvamosca.\n\nCuando se equipa junto con Largoaguijón, permite al jugador activar ciertas palancas que están detrás de puertas cerradas. Este comportamiento parece no ser intencionado.",
  "23": "Se encuentra en el Paso del Rey.\n\nPodemos acceder a él desde el comienzo del juego al golpear los pinchos mientras saltamos para llegar hasta el amuleto, o podemos regresar una vez que tengamos la Capa de Ala de Polilla o la Garra de Mantis. También se puede alcanzar escalando a través de la zona que conecta con Bocasucia utilizando las Alas de Monarca y la Garra de Mantis.\n\n[b][u]Utilidad:[/u][/b]\nEste amuleto incrementa el daño de los ataques que utilizan el aguijón, permitiendo eliminar a los enemigos más rápidamente.\n\nDado que requiere que el jugador esté en un estado cercano a la muerte, se recomienda su uso solo a jugadores experimentados que puedan esquivar todos los ataques de los enemigos. De lo contrario, Concentración Rápida podría ser una mejor opción, ya que permite al jugador recuperarse más rápidamente durante una batalla.",
  "24": "Se encuentra en Sendero Verde, dentro de un laberinto de espinas. Es necesario tener la Capa de Ala de Polilla para acceder a él.\n\n[b][u]Utilidad:[/u][/b]\nEl daño infligido por las espinas es el doble del daño base del aguijón, lo que significa que mejoras externas como Fuerza Frágil no afectan a este amuleto. Es importante recordar que el daño causado por este amuleto no proporciona ALMA, lo que puede ser un inconveniente en ciertas situaciones.\n\nEste amuleto es especialmente eficaz cuando hay muchos enemigos en pantalla al mismo tiempo, como en el Coliseo de los Insensatos.\n\nNo se recomienda llevarlo en el Cañón Nublado, ya que puede dañar a las medusas, provocando que suelten su núcleo explosivo que persigue al jugador. Sin embargo, es muy útil en la mayoría de los combates, ya que compensa el daño recibido.",
  "25": "Este amuleto se localiza al suroeste de los Acantilados Aulladores. Hay un cofre en esa zona que solo contiene Geo1; si saltamos dentro de él, nos llevará a una cueva custodiada por dos Baldures ancianos, donde se encuentra el amuleto.",
  "26": "Recompensa por vencer a Tremarmita en los Canales Reales.\n\n[b][u]Utilidad:[/u][/b]\nLa elección de utilizar este amuleto depende del estilo de juego del jugador. Sacrificas rango y consistencia a cambio de la posibilidad de infligir hasta el doble de daño. Su uso se limita a estrategias de combate cuerpo a cuerpo, ya que resulta un desperdicio de ALMA para ataques a distancia.\n\nTremanido es altamente efectivo contra grupos de enemigos débiles o contra jefes con hitboxes grandes.",
  "27": "Recompensa por vencer al Defensor del Estiércol en los Canales Reales.\n\n[b][u]Utilidad:[/u][/b]\nGenera de forma intermitente una nube tóxica alrededor del Caballero, infligiendo entre 1 y 3 de daño a los enemigos cercanos por tick.\n\nLas nubes no son muy poderosas y su rango es bastante limitado, por lo que este amuleto es muy situacional.\n\nNo se recomienda utilizarlo en el Cañón Nublado, ya que daña a los Uomas, provocando que exploten.\n\nEs posible evitar el primer encuentro con el Guardián de Cristal, ya que si te acercas a él, le causarás daño y no despertará, permitiéndote evitar matarlo.",
  "28": "Se localiza en Cruces Olvidados, en una sala secreta a la derecha del área del Falso Caballero. Es necesario tener el Corazón de cristal.\n\n[b][u]Utilidad:[/u][/b]\nAl drenar el ALMA del jugador, este amuleto invoca periódicamente crías (hasta un máximo de 4) que orbitan alrededor del jugador y atacan al enemigo más cercano, infligiendo 7 de daño y falleciendo en el proceso.\n\nLa elección de utilizar este amuleto dependerá del estilo de combate del jugador. Es especialmente recomendable para quienes prefieren el combate cuerpo a cuerpo y tienen buenas habilidades para esquivar, ya que podrán aprovechar el ALMA que no gasten en curas o hechizos.",
  "29": "Vendido por Salubra a [b]Geo800[/b] en Cruces Olvidados.\n\n[b][u]Utilidad:[/u][/b]\nEste amuleto permite al jugador curarse en la mitad de tiempo, lo que resulta muy útil contra ciertos jefes y en situaciones con múltiples enemigos, como en el Coliseo de los Insensatos.\n\nSi se utiliza en combinación con Concentración profunda, la velocidad de curación será la misma que la velocidad por defecto; sin embargo, con esta combinación de amuletos podremos curarnos dos máscaras a la vez.",
  "30": "Se encuentra en Cumbre de Cristal, dentro de una cueva de cristal escondida.\n\nDebajo de la zona donde el jugador se encuentra con Cornifer, hay una Cáscara minera que está cavando una pared. Destruye esa pared para revelar un área secreta. Requiere Corazón de cristal.\n\n[b][u]Utilidad:[/u][/b]\nSu alto coste y tiempo de concentración lo hacen difícil de utilizar contra jefes. Es más efectivo en áreas donde el jugador tiene tiempo para descansar, como zonas de plataformas, donde puede ser muy útil si se combina con Canción de larvas y Sangrecolmena. A menudo es reemplazado por Concentración rápida debido a su mayor utilidad en combates contra jefes y su menor coste en muescas.",
  "31": "Vendido por Salubra a Geo250 en Cruces Olvidados.\n\n[b][u]Utilidad:[/u][/b]\nEl jugador recibe 2 máscaras de saviavida, que se rellenan tras descansar en un banco. Este HP no puede ser recuperado con la concentración de ALMA.\n\nAl igual que Núcleo de saviavida, este amuleto es útil para jugadores con un estilo de juego orientado a hechizos, ya que les permite usar el ALMA para dañar al enemigo en lugar de curarse. Su bajo coste es útil si deseamos tener más muescas libres, pero 2 máscaras de saviavida no son tan significativas en comparación con Núcleo de saviavida u otros amuletos de curación como Concentración rápida o Sangrecolmena.\n\nEn cuanto a estrategias de combate, es común utilizarlo para peleas cuerpo a cuerpo (absorbiendo el daño y aprovechando los momentos de invulnerabilidad) o en estrategias de hechizos, ya que, si se juega correctamente, ayuda a ahorrar ALMA en curaciones.",
  "32": "En el muro izquierdo del Abismo hay una cueva que solo se abre si el jugador tiene 15 o más máscaras de saviavida. Estas pueden obtenerse destruyendo capullos de saviavida o equipándose amuletos como Corazón de saviavida o Bendición de Joni (este último también transforma las máscaras proporcionadas por Corazón frágil). El amuleto se encuentra al final de esta cueva.\n\nAdemás, hay un Huevo Arcano en la misma área, pero una vez que el jugador obtenga el Núcleo de saviavida, será expulsado de la sala y la puerta permanecerá cerrada para siempre. Por ello, se recomienda recoger primero el Huevo Arcano y luego el amuleto.\n\n[b][u]Utilidad:[/u][/b]\nProporciona 4 máscaras de saviavida tras descansar en un banco; estas máscaras no pueden ser regeneradas mediante concentración de ALMA.\n\nAl igual que el Corazón de saviavida, este amuleto es útil para jugadores con un estilo de juego centrado en hechizos, ya que les permite usar el ALMA para causar daño en lugar de para curarse.\n\nEs posiblemente el mejor amuleto de saviavida, ya que proporciona el doble de máscaras que el Corazón de saviavida y no convierte todas las máscaras en máscaras de saviavida como lo hace la Bendición de Joni, permitiendo al jugador curarse si es necesario.\n\nEn cuanto a estrategias de combate, es común utilizarlo para peleas cuerpo a cuerpo (absorbiendo el daño y aprovechando los momentos de invulnerabilidad) o en estrategias de hechizos, ya que, si se juega bien, se ahorra el gasto de ALMA en curarse.",
  "33": "Se encuentra en el Descanso de Joni, en una cueva en los Acantilados Aulladores.\n\n[b][u]Utilidad:[/u][/b]\nEste amuleto es útil en estrategias de combate cuerpo a cuerpo y en estrategias de hechizos, ya que elimina la necesidad de usar ALMA para curarse. Además, permite acceder al amuleto Núcleo de saviavida al aumentar drásticamente las máscaras azules del jugador.",
  "34": "Se consigue al vencer al Caballero Colmena, pasando por las puertas de la derecha y bajando un poco tal como indica el mapa.\n\n[b][u]Utilidad:[/u][/b]\n\nReemplaza la textura de las máscaras de vida por panales de abeja, que, después de 10 segundos, regenerará la última máscara perdida (incluso si el ataque recibido ha roto dos). Si el jugador se cura concentrándose, se detendrá la regeneración en proceso.\nRegenerará la saviavida proporcionada por la Bendición de Joni, pero no la que otorgan el Corazón de saviavida ni el Núcleo de saviavida.\nEliminará el daño por contacto de los enemigos de La Colmena, volviéndolos pasivos.\nSe recomienda el uso de este amuleto en lugares donde no se pueda obtener fácilmente ALMA, o bien en batallas contra jefes donde sea difícil curarse (como, por ejemplo, el Rey Pesadilla).",
  "35": "Este amuleto se encuentra en Páramos Fúngicos, cerca de la entrada secreta a Jardines de la Reina y Nido Profundo. Requiere la Garra de Mantis.\n\n[b][u]Utilidad:[/u][/b]\nEs realmente útil en combate, especialmente cuando se enfrentan varios enemigos al mismo tiempo. Además, permite entender a las criaturas fúngicas de los Páramos Fúngicos, lo que puede proporcionar información valiosa sobre el entorno y sus habitantes.",
  "36": "Ubicado en Nido Profundo, al sureste de la fuente de Aguas Termales, detrás de una Puerta Oscura. Requiere la Capa Sombría.\n\n[b][u]Utilidad:[/u][/b]\nLos enemigos dañados por Sombra Afilada no proporcionan ALMA al ser derrotados. Este ataque tiene la capacidad de dañar enemigos que son inmunes a los ataques del Aguijón, lo que amplía las opciones tácticas del jugador.\n\nAdemás, el aumento del 39% en la velocidad de avance rápido puede ser especialmente útil contra jefes, ya que facilita el movimiento a través de sus ataques. Sin embargo, ten en cuenta que esto puede hacer que algunas zonas de plataformas sean más difíciles de navegar.",
  "37": "Dado por Unn en el Lago de Unn. Requiere Lágrima de Isma.\n\n[b][u]Utilidad:[/u][/b]\nEste amuleto permite al Caballero moverse mientras concentra ALMA. Sin embargo, el movimiento es limitado y lento; el jugador no puede saltar ni usar ninguna habilidad de desplazamiento durante este tiempo. Además, existe una animación que se reproduce al comienzo y al final de la concentración, lo que puede afectar la eficacia en situaciones de combate.",
  "38": "Dado por Sly en Bocasucia tras aprender las 3 Artes del Aguijón de los Maestros de Aguijones:\n\nMaestro de Aguijones Oro en el Límite del Reino\nMaestro de Aguijones Mato en Acantilados Aulladores\nMaestro de Aguijones Sheo en Sendero Verde\n[b][u]Utilidad:[/u][/b]\nEste amuleto es uno de los mejores que ocupan 1 muesca, junto a Canción de larvas. Permite limpiar áreas rápidamente y es muy útil en el Coliseo de los Insensatos, donde es esencial para eliminar enemigos de un solo golpe. Cabe destacar que es exclusivo para estrategias cuerpo a cuerpo centradas en el uso del Aguijón, en lugar de hechizos.",
  "39": "Se encuentra en la Guarida de las Tejedoras.\n\n[b][u]Utilidad:[/u][/b]\nEste amuleto invoca a 3 pequeñas tejedoras cuyo movimiento es principalmente terrestre, aunque también pueden saltar y escalar paredes. Siguen al Caballero y causan 3 puntos de daño por contacto a los enemigos. Si una tejedora se cae o pierde de vista al Caballero, una nueva tomará su lugar. Además, estas pequeñas arañas interactúan con el Caballero; por ejemplo, al sentarse en un banco, ellas se sentarán a esperar también.",
  "40": "Dado por la Vidente tras conseguir 500 de Esencia.\n\n[b][u]Utilidad:[/u][/b]\nEs el amuleto más eficiente para conseguir ALMA gracias a su bajo coste y alta efectividad. Dobla la cantidad de ALMA obtenida al golpear a un enemigo con el Aguijón Onírico (de un 33% a un 66%) y reduce su tiempo de carga a menos de la mitad (de 2.4 segundos a 0.9 segundos). Su único inconveniente es que el jugador debe estar quieto para usarlo y no causa daño a los enemigos; solo los empuja.\n\nEste amuleto es particularmente útil en el Coliseo de los Insensatos, ya que si dejamos a un enemigo vivo, podemos utilizarlo para llenar nuestra barra de ALMA y curarnos.\n\nAdemás, incrementa la probabilidad de que los enemigos dejen caer Esencia:\n\nProbabilidad normal: 0.5%\nPortador onírico equipado: 1%\nSi se ha gastado esencia: 2%\nSi se ha gastado esencia y tenemos equipado el amuleto: 4%",
  "41": "Se encuentra tras un muro destructible, en Tierras de Reposo, justo debajo de la habitación de la Vidente.\n\n[b][u]Utilidad:[/u][/b]\nEl escudo rota alrededor del Caballero, bloqueando proyectiles y causando daño a los enemigos.\n\nCada vez que el escudo entra en contacto con un enemigo, inflige daño equivalente al del aguijón. Después de hacer contacto, el escudo se destruye y tarda unos segundos en repararse.\n\nAtacar con el aguijón provoca que el escudo embista hacia afuera.\n\nConcentrarse hace que el escudo rote más rápido y acelera su recuperación.\n\nEl escudo es capaz de dañar a los Reptadores de cristal.",
  "42": "Dado por Grimm después de invocar a La Compañía de Grimm.\n\n[b][u]Utilidad:[/u][/b]\nEste amuleto invoca a un familiar que se fortalece progresivamente cada vez que cambia de fase. Además, permite al Caballero interactuar con Grimm y luchar contra él.",
  "43": "Es otorgado por Nymm tras hablar con él en Bocasucia. Para obtenerlo, es necesario desvanecer a La Compañía de Grimm, lo que implica:\n\nDerrotar a Grimm.\nHablar con Brumm en Nidoprofundo.\nApagar la llama en Acantilados Aulladores sin derrotar al Rey Pesadilla.\n\n[b][u]Utilidad:[/u][/b]\nEl contador de golpes no se reinicia al morir o al desequipárselo, lo que lo hace particularmente útil en jefes radiantes. Este amuleto es especialmente valioso cuando no hay vías accesibles para curarse. Además, permite que otros amuletos (como Espinas de Agonía) se activen simultáneamente con Melodía Despreocupada, excepto Canción de Larvas, que requiere recibir daño real.",
  "44": "Primero debes conseguir ambas mitades del amuleto:\n\nUna mitad es otorgada por la Dama Blanca en Jardines de la Reina.\nLa otra mitad es una recompensa del Palacio Blanco.\nUna vez que hayas obtenido ambas mitades, se combinarán automáticamente para formar el amuleto completo.\n\n[b][u]Utilidad:[/u][/b]\nUna vez equipado, el amuleto genera 2 de ALMA cada 4 segundos. El Alma del Monarca es extremadamente útil en zonas de plataformas, ya que, a diferencia de Sangrecolmena, no requiere que el jugador esté dañado para funcionar.\n\nEste amuleto se utiliza principalmente para acceder al área secreta en el fondo del Abismo. Después de ello, suele ser reemplazado permanentemente por Corazón del Vacío. A pesar de esto, puede ser útil para enfrentar a la mayoría de los jefes opcionales o durante la batalla contra el Hollow Knight, aprovechando el breve período en que se puede utilizar.",
  "45": "Se encuentra en el Lugar de Nacimiento; su entrada está al fondo del Abismo y solo se abrirá si el jugador tiene equipado el Alma del Monarca. Al final del área, hay un huevo que, si se golpea con el Aguijón Onírico, revelará una escena del pasado en la que aparece el Rey Pálido.\n\n[b][u]Utilidad:[/u][/b]\nDesbloquea el segundo y el tercer final del juego, en los cuales Hornet ayuda al Caballero en la batalla contra el Hollow Knight. Una vez que el jugador ha adquirido el Corazón del Vacío, ya no podrá acceder al primer final sin comenzar una nueva partida.\n\nEste amuleto hace que la Sombra y los Hermanos del jugador no sean hostiles y no dañen al Caballero. Además, permite que sean destruidos con un solo golpe y evita que aparezcan más Tentáculos del Vacío.\n\nEl amuleto reemplaza el Alma del Monarca y no puede ser desequipado. Sin embargo, pierde sus efectos y no ocupa espacio en las muescas.\n\nTambién desbloquea nuevo diálogo con Confesor Jiji, Alma de Acero Jinn, Dama Blanca, Hornet y Bardoon."
}