{
  "charms": [
    {
      "id": 1,
      "name": "Brújula caprichosa",
      "description": "Susurra la ubicación al portador siempre que un mapa esté abierto, permitiendo a los viajeros localizar su posición actual.",
      "notches": 1,
      "icon": "amuletos_icon/1.webp",
      "notches_image": "amuletos_icon/SoulCost.webp",
      "location_image": "amuletos_img/1.png"
    },
    {
      "id": 2,
      "name": "Enjambre recolector",
      "description": "Un enjambre seguirá al portador y recogerá cualquier Geo suelto. Útil para aquellos que no soportan dejar nada atrás.",
      "notches": 1,
      "icon": "amuletos_icon/2.webp",
      "notches_image": "amuletos_icon/SoulCost.webp",
      "location_image": "amuletos_img/2.png"
    },
    {
      "id": 3,
      "name": "Coraza robusta",
      "description": "Aumenta la resistencia. Después de recibir daño, el portador será invulnerable por más tiempo, facilitando escapar de situaciones peligrosas.",
      "notches": 2,
      "icon": "amuletos_icon/3.webp",
      "notches_image": "amuletos_icon/SoulCost.webp",
      "location_image": "amuletos_img/3.png"
    },
    {
      "id": 4,
      "name": "Atrapaalmas",
      "description": "Usado por chamanes para extraer más ALMA del entorno. Aumenta la cantidad de ALMA obtenida al golpear a un enemigo.",
      "notches": 2,
      "icon": "amuletos_icon/4.webp",
      "notches_image": "amuletos_icon/SoulCost.webp",
      "location_image": "amuletos_img/4.webp"
    },
    {
      "id": 5,
      "name": "Piedra de chamán",
      "description": "Se dice que contiene el conocimiento de generaciones pasadas de chamanes. Aumenta el poder de los hechizos, infligiendo más daño a los enemigos.",
      "notches": 3,
      "icon": "amuletos_icon/5.webp",
      "notches_image": "amuletos_icon/SoulCost.webp",
      "location_image": "amuletos_img/5.png"
    },
    {
      "id": 6,
      "name": "Devoraalmas",
      "description": "Artefacto chamánico olvidado, utilizado para extraer ALMA de criaturas aún vivas. Aumenta enormemente la cantidad de ALMA obtenida.",
      "notches": 4,
      "icon": "amuletos_icon/6.webp",
      "notches_image": "amuletos_icon/SoulCost.webp",
      "location_image": "amuletos_img/6.webp"
    },
    {
      "id": 7,
      "name": "Maestro de las embestidas",
      "description": "Con la imagen de un bicho excéntrico conocido como \"El Dashmaster\". El portador podrá correr más seguido y en direcciones hacia abajo.",
      "notches": 2,
      "icon": "amuletos_icon/7.webp",
      "notches_image": "amuletos_icon/SoulCost.webp",
      "location_image": "amuletos_img/7.webp"
    },
    {
      "id": 8,
      "name": "Maestro de Sprints",
      "description": "Con la imagen de un extraño insecto conocido como \"El Sprintmaster\". Aumenta la velocidad de carrera del portador.",
      "notches": 1,
      "icon": "amuletos_icon/8.webp",
      "notches_image": "amuletos_icon/SoulCost.webp",
      "location_image": "amuletos_img/8.png"
    },
    {
      "id": 9,
      "name": "Canción de larvas",
      "description": "Contiene el agradecimiento de los gusanos liberados. Ganas ALMA al recibir daño.",
      "notches": 1,
      "icon": "amuletos_icon/9.webp",
      "notches_image": "amuletos_icon/SoulCost.webp",
      "location_image": "amuletos_img/9.png"
    },
    {
      "id": 10,
      "name": "Elegía de la Larvamosca",
      "description": "Contiene el agradecimiento de los gusanos que avanzarán a la siguiente etapa de sus vidas. Cuando el portador tiene salud completa, dispara rayos de energía.",
      "notches": 3,
      "icon": "amuletos_icon/10.webp",
      "notches_image": "amuletos_icon/SoulCost.webp",
      "location_image": "amuletos_img/10.png"
    },
    {
      "id": 11,
      "name": "Corazón frágil",
      "description": "Aumenta la salud del portador. Este amuleto es frágil y se romperá si el portador muere.",
      "notches": 2,
      "icon": "amuletos_icon/11.webp",
      "notches_image": "amuletos_icon/SoulCost.webp",
      "location_image": "amuletos_img/11.png"
    },
    {
      "id": 12,
      "name": "Corazón irrompible",
      "description": "Aumenta la salud del portador. Este amuleto es irrompible.",
      "notches": 2,
      "icon": "amuletos_icon/12.webp",
      "notches_image": "amuletos_icon/SoulCost.webp",
      "location_image": "amuletos_img/12.png"
    },
    {
      "id": 13,
      "name": "Codicia frágil",
      "description": "Permite al portador encontrar más Geo al derrotar enemigos. Se romperá si el portador muere.",
      "notches": 2,
      "icon": "amuletos_icon/13.webp",
      "notches_image": "amuletos_icon/SoulCost.webp",
      "location_image": "amuletos_img/13.png"
    },
    {
      "id": 14,
      "name": "Codicia irrompible",
      "description": "Permite al portador encontrar más Geo al derrotar enemigos. Este amuleto es irrompible.",
      "notches": 2,
      "icon": "amuletos_icon/14.webp",
      "notches_image": "amuletos_icon/SoulCost.webp",
      "location_image": "amuletos_img/14.png"
    },
    {
      "id": 15,
      "name": "Fuerza frágil",
      "description": "Aumenta la fuerza del portador, incrementando el daño infligido con el arma. Se romperá si el portador muere.",
      "notches": 3,
      "icon": "amuletos_icon/15.webp",
      "notches_image": "amuletos_icon/SoulCost.webp",
      "location_image": "amuletos_img/15.png"
    },
    {
      "id": 16,
      "name": "Fuerza irrompible",
      "description": "Aumenta la fuerza del portador, incrementando el daño infligido. Este amuleto es irrompible.",
      "notches": 3,
      "icon": "amuletos_icon/16.webp",
      "notches_image": "amuletos_icon/SoulCost.webp",
      "location_image": "amuletos_img/16.png"
    },
    {
      "id": 17,
      "name": "Tuercehechizos",
      "description": "Mejora la habilidad del portador para lanzar hechizos, reduciendo el costo de ALMA al hacerlo.",
      "notches": 2,
      "icon": "amuletos_icon/17.webp",
      "notches_image": "amuletos_icon/SoulCost.webp",
      "location_image": "amuletos_img/17.webp"
    },
    {
      "id": 18,
      "name": "Cuerpo firme",
      "description": "Evita que el portador retroceda al golpear a un enemigo, permitiendo mantener el ataque constante.",
      "notches": 1,
      "icon": "amuletos_icon/18.webp",
      "notches_image": "amuletos_icon/SoulCost.webp",
      "location_image": "amuletos_img/18.png"
    },
    {
      "id": 19,
      "name": "Duro golpe",
      "description": "Incrementa la fuerza del golpe, haciendo que los enemigos retrocedan más cuando son golpeados.",
      "notches": 2,
      "icon": "amuletos_icon/19.webp",
      "notches_image": "amuletos_icon/SoulCost.webp",
      "location_image": "amuletos_img/19.png"
    },
    {
      "id": 20,
      "name": "Corte rápido",
      "description": "Permite que el portador ataque más rápidamente con su arma.",
      "notches": 3,
      "icon": "amuletos_icon/20.webp",
      "notches_image": "amuletos_icon/SoulCost.webp",
      "location_image": "amuletos_img/20.webp"
    },
    {
      "id": 21,
      "name": "Largoaguijón",
      "description": "Aumenta el alcance del arma del portador, permitiendo atacar desde más lejos.",
      "notches": 2,
      "icon": "amuletos_icon/21.webp",
      "notches_image": "amuletos_icon/SoulCost.webp",
      "location_image": "amuletos_img/21.png"
    },
    {
      "id": 22,
      "name": "Marca de orgullo",
      "description": "Aumenta enormemente el alcance del arma del portador. Otorgado por la tribu Mantis a quienes respetan.",
      "notches": 3,
      "icon": "amuletos_icon/22.webp",
      "notches_image": "amuletos_icon/SoulCost.webp",
      "location_image": "amuletos_img/22.webp"
    },
    {
      "id": 23,
      "name": "Furia de los caídos",
      "description": "Aumenta la fuerza del portador cuando está cerca de la muerte.",
      "notches": 2,
      "icon": "amuletos_icon/23.webp",
      "notches_image": "amuletos_icon/SoulCost.webp",
      "location_image": "amuletos_img/23.webp"
    },
    {
      "id": 24,
      "name": "Espinas de agonía",
      "description": "Al recibir daño, el portador emite espinas que dañan a los enemigos cercanos.",
      "notches": 1,
      "icon": "amuletos_icon/24.webp",
      "notches_image": "amuletos_icon/SoulCost.webp",
      "location_image": "amuletos_img/24.webp"
    },
    {
      "id": 25,
      "name": "Coraza de baldur",
      "description": "Protege al portador con una coraza dura al concentrar ALMA. La coraza no es indestructible.",
      "notches": 2,
      "icon": "amuletos_icon/25.webp",
      "notches_image": "amuletos_icon/SoulCost.webp",
      "location_image": "amuletos_img/25.webp"
    },
    {
      "id": 26,
      "name": "Tremanido",
      "description": "Convierte el hechizo Espíritu Vengativo en una horda de crías de flukes volátiles.",
      "notches": 3,
      "icon": "amuletos_icon/26.webp",
      "notches_image": "amuletos_icon/SoulCost.webp",
      "location_image": "amuletos_img/26.webp"
    },
    {
      "id": 27,
      "name": "Blasón del defensor",
      "description": "Causa que el portador emita un olor heroico. Otorgado por el Rey de Hallownest a su caballero más leal.",
      "notches": 1,
      "icon": "amuletos_icon/27.webp",
      "notches_image": "amuletos_icon/SoulCost.webp",
      "location_image": "amuletos_img/27.webp"
    },
    {
      "id": 28,
      "name": "Útero brillante",
      "description": "Drena la ALMA del portador y la usa para generar crías que se sacrifican por su padre.",
      "notches": 2,
      "icon": "amuletos_icon/28.webp",
      "notches_image": "amuletos_icon/SoulCost.webp",
      "location_image": "amuletos_img/28.webp"
    },
    {
      "id": 29,
      "name": "Concentración rápida",
      "description": "Aumenta la velocidad de concentración, permitiendo curarse más rápido.",
      "notches": 3,
      "icon": "amuletos_icon/29.webp",
      "notches_image": "amuletos_icon/SoulCost.webp",
      "location_image": "amuletos_img/29.png"
    },
    {
      "id": 30,
      "name": "Concentración profunda",
      "description": "Reduce la velocidad de concentración, pero duplica el efecto de curación.",
      "notches": 4,
      "icon": "amuletos_icon/30.webp",
      "notches_image": "amuletos_icon/SoulCost.webp",
      "location_image": "amuletos_img/30.webp"
    },
    {
      "id": 31,
      "name": "Corazón de saviavida",
      "description": "Otorga una capa de sangre viva que protege al portador de daño moderado.",
      "notches": 2,
      "icon": "amuletos_icon/31.webp",
      "notches_image": "amuletos_icon/SoulCost.webp",
      "location_image": "amuletos_img/31.png"
    },
    {
      "id": 32,
      "name": "Núcleo de saviavida",
      "description": "Proporciona una gran cantidad de protección de sangre viva al descansar.",
      "notches": 3,
      "icon": "amuletos_icon/32.webp",
      "notches_image": "amuletos_icon/SoulCost.webp",
      "location_image": "amuletos_img/32.webp"
    },
    {
      "id": 33,
      "name": "Bendición de Joni",
      "description": "Transforma los fluidos vitales en sangre viva azul, pero impide que el portador se cure con ALMA.",
      "notches": 4,
      "icon": "amuletos_icon/33.webp",
      "notches_image": "amuletos_icon/SoulCost.webp",
      "location_image": "amuletos_img/33.webp"
    },
    {
      "id": 34,
      "name": "Sangrecolmena",
      "description": "Permite que el portador recupere salud lentamente con el tiempo sin concentrar ALMA.",
      "notches": 4,
      "icon": "amuletos_icon/34.webp",
      "notches_image": "amuletos_icon/SoulCost.webp",
      "location_image": "amuletos_img/34.webp"
    },
    {
      "id": 35,
      "name": "Hongo con esporas",
      "description": "Al concentrar ALMA, libera una nube de esporas que daña a los enemigos lentamente.",
      "notches": 1,
      "icon": "amuletos_icon/35.webp",
      "notches_image": "amuletos_icon/SoulCost.webp",
      "location_image": "amuletos_img/35.webp"
    },
    {
      "id": 36,
      "name": "Sombra afilada",
      "description": "Permite que el portador dañe a los enemigos al usar el Dash Sombrío.",
      "notches": 2,
      "icon": "amuletos_icon/36.webp",
      "notches_image": "amuletos_icon/SoulCost.webp",
      "location_image": "amuletos_img/36.webp"
    },
    {
      "id": 37,
      "name": "Forma de Unn",
      "description": "Transforma al portador en una nueva forma que le permite moverse mientras se concentra.",
      "notches": 2,
      "icon": "amuletos_icon/37.webp",
      "notches_image": "amuletos_icon/SoulCost.webp",
      "location_image": "amuletos_img/37.webp"
    },
    {
      "id": 38,
      "name": "Gloria del Maestro de aguijones",
      "description": "Incrementa la velocidad con la que el portador carga los Artes del Clavo.",
      "notches": 1,
      "icon": "amuletos_icon/38.webp",
      "notches_image": "amuletos_icon/SoulCost.webp",
      "location_image": "amuletos_img/38.png"
    },
    {
      "id": 39,
      "name": "Canción de Tejedora",
      "description": "Invoca tejedores pequeños para proteger al portador y brindarle compañía.",
      "notches": 2,
      "icon": "amuletos_icon/39.webp",
      "notches_image": "amuletos_icon/SoulCost.webp",
      "location_image": "amuletos_img/39.webp"
    },
    {
      "id": 40,
      "name": "Portador onírico",
      "description": "Aumenta la velocidad con la que el portador carga el Clavo de los Sueños y permite recolectar más ALMA.",
      "notches": 1,
      "icon": "amuletos_icon/40.webp",
      "notches_image": "amuletos_icon/SoulCost.webp",
      "location_image": "amuletos_img/40.png"
    },
    {
      "id": 41,
      "name": "Escudo onírico",
      "description": "Invoca un escudo que orbita alrededor del portador y lo protege.",
      "notches": 3,
      "icon": "amuletos_icon/41.webp",
      "notches_image": "amuletos_icon/SoulCost.webp",
      "location_image": "amuletos_img/41.webp"
    },
    {
      "id": 42,
      "name": "Niño de Grimm",
      "description": "El portador debe buscar llamas de Grimmkin para el ritual.",
      "notches": 2,
      "icon": "amuletos_icon/42.webp",
      "notches_image": "amuletos_icon/SoulCost.webp",
      "location_image": "amuletos_img/42.webp"
    },
    {
      "id": 43,
      "name": "Melodía despreocupada",
      "description": "Una melodía de protección que puede defender al portador de daño.",
      "notches": 3,
      "icon": "amuletos_icon/43.webp",
      "notches_image": "amuletos_icon/SoulCost.webp",
      "location_image": "amuletos_img/43.webp"
    },
    {
      "id": 44,
      "name": "Alma del Monarca",
      "description": "Absorbe lentamente ALMA ilimitada y abre el camino hacia un lugar de nacimiento.",
      "notches": 5,
      "icon": "amuletos_icon/44.webp",
      "notches_image": "amuletos_icon/SoulCost.webp",
      "location_image": "amuletos_img/44.webp"
    },
    {
      "id": 45,
      "name": "Corazón del Vacío",
      "description": "Unifica el vacío bajo la voluntad del portador y no se puede desequipar.",
      "notches": 0,
      "icon": "amuletos_icon/45.webp",
      "notches_image": "amuletos_icon/SoulCost.webp",
      "location_image": "amuletos_img/45.webp"
    }
  ]
}